,CODE_ARCHIVO,Latitud,Longitud,DPTO,MUNICIPIO,VARIEDAD,SIST_SIMPLE,FECHA_SIEMBRA,FECHA_EMERGENCIA,FECHA_COSECHA,ANO_COS,RENDIMIENTO_HA,ID,Cluster
1,AMTEC,5.338667,-72.229167,CASANARE,YOPAL,F2000,RIEGO,11/19/2014,11/25/2014,3/25/2015,2015,6875,247_Cas_JORGE LUIS SANCHEZ GONZALEZ_Las 21_21,1
2,AMTEC,5.312,-72.168,CASANARE,YOPAL,F174,SECANO,4/19/2015,4/25/2015,8/23/2015,2015,4875,220_Cas_JORGE LUIS SANCHEZ GONZALEZ_LAS 22_22,2
3,AMTEC,5.307056,-72.177333,CASANARE,YOPAL,F2000,SECANO,5/4/2015,5/10/2015,9/7/2015,2015,4687,219_Cas_JORGE LUIS SANCHEZ GONZALEZ_LAS 27_27,2
4,AMTEC,5.294,-72.3152,CASANARE,YOPAL,F174,RIEGO,10/18/2014,10/24/2014,2/21/2015,2015,8125,253_Cas_BIBIANA ALFONSO_LAS PALMAS_6,1
5,AMTEC,5.291639,-72.283417,CASANARE,YOPAL,F2000,RIEGO,9/19/2014,9/25/2014,1/23/2015,2015,5625,248_Cas_JORGE LUIS SANCHEZ GONZALEZ_Las 27_27,1
6,AMTEC,5.291639,-72.283417,CASANARE,YOPAL,F174,RIEGO,11/18/2014,11/24/2014,3/24/2015,2015,5000,250_Cas_JORGE LUIS SANCHEZ GONZALEZ_Las 11_11,1
7,AMTEC,5.291639,-72.283417,CASANARE,YOPAL,F174,RIEGO,11/18/2014,11/24/2014,3/24/2015,2015,5313,251_Cas_JORGE LUIS SANCHEZ GONZALEZ_Las 22_22,1
8,AMTEC,5.269967,-71.213978,CASANARE,YOPAL,F174,RIEGO,4/7/2015,4/13/2015,8/11/2015,2015,4563,157_Cas_BIVIANA SANCHEZ VERGARA_3a_27,2
9,AMTEC,5.210339,-72.246494,CASANARE,YOPAL,F174,SECANO,3/30/2015,4/5/2015,8/3/2015,2015,4101,168_Cas_BIVIANA SANCHEZ VERGARA_las 16_16,2
10,AMTEC,5.19358,-72.1618,CASANARE,YOPAL,LAGUNAS,RIEGO,11/28/2014,12/4/2014,4/3/2015,2015,4500,254_Cas_BIBIANA ALFONSO_LAS 24_24,1
11,AMTEC,5.164167,-72.175572,CASANARE,YOPAL,F68,SECANO,6/16/2015,6/22/2015,10/20/2015,2015,5688,213_Cas_Luis Fernando Plazas Bohórquez _El Cedral 1a_62,2
12,AMTEC,5.091417,-72.142333,CASANARE,YOPAL,F174,SECANO,6/16/2015,6/22/2015,10/20/2015,2015,4375,210_Cas_Luis Fernando Plazas Bohórquez _Las Flores_44,2
13,AMTEC,5.065639,-72.185111,CASANARE,YOPAL,F68,SECANO,6/16/2015,6/22/2015,10/20/2015,2015,2875,217_Cas_Luis Fernando Plazas Bohórquez _Las 19_19,2
14,AMTEC,5.065,-72.19,CASANARE,YOPAL,F733,SECANO,6/25/2014,7/1/2014,10/29/2014,2014,4500,240_Cas_JORGE LUIS SANCHEZ GONZALEZ_Las 34_34,3
15,AMTEC,5.065,-72.195,CASANARE,YOPAL,F733,SECANO,7/14/2014,7/20/2014,11/17/2014,2014,4688,241_Cas_JORGE LUIS SANCHEZ GONZALEZ_Las 8_8,3
16,AMTEC,5.065,-72.185,CASANARE,YOPAL,F733,SECANO,7/14/2014,7/20/2014,11/17/2014,2014,4875,242_Cas_JORGE LUIS SANCHEZ GONZALEZ_Las 9_9,3
17,AMTEC,5.051556,-72.184286,CASANARE,YOPAL,F68,SECANO,6/21/2015,6/27/2015,10/25/2015,2015,2875,218_Cas_Luis Fernando Plazas Bohórquez _Las 26_26,2
18,AMTEC,4.995972,-72.142972,CASANARE,YOPAL,F68,SECANO,6/8/2015,6/14/2015,10/12/2015,2015,5688,212_Cas_Luis Fernando Plazas Bohórquez _Las 20_20,2
19,AMTEC,4.37225,-72.172306,CASANARE,YOPAL,F174,SECANO,4/9/2015,4/15/2015,8/13/2015,2015,5937,229_Cas_JORGE LUIS SANCHEZ GONZALEZ_LAS 40_40,2
20,AMTEC,4.37225,-72.172306,CASANARE,YOPAL,F174,SECANO,4/21/2015,4/27/2015,8/25/2015,2015,6250,228_Cas_JORGE LUIS SANCHEZ GONZALEZ_LAS 45_45,2
21,AMTEC,4.37225,-72.172306,CASANARE,YOPAL,F2000,SECANO,5/19/2015,5/25/2015,9/22/2015,2015,6125,227_Cas_JORGE LUIS SANCHEZ GONZALEZ_LAS 83_83,2
22,ENA,NA,NA,CASANARE,YOPAL,Bonanza,SECANO,4/10/2007,4/10/2007,8/15/2007,2007,6875,ENA_2007a_108882,4
23,ENA,NA,NA,CASANARE,YOPAL,F2000,SECANO,4/23/2007,4/23/2007,8/12/2007,2007,5312.5,ENA_2007a_105420,4
24,ENA,NA,NA,CASANARE,YOPAL,F369,SECANO,4/15/2008,4/15/2008,8/19/2008,2008,6562.5,ENA_2008a_108882,4
25,ENA,NA,NA,CASANARE,YOPAL,F2000,SECANO,4/23/2008,4/23/2008,8/12/2008,2008,5312.5,ENA_2008a_105420,4
26,ENA,5.436057,-72.21553,CASANARE,YOPAL,Fortaleza,SECANO,3/25/2009,3/25/2009,8/5/2009,2009,5000,ENA_2009a_18697,5
27,ENA,5.436057,-72.21553,CASANARE,YOPAL,Fortaleza,SECANO,11/24/2009,11/24/2009,4/6/2010,2010,4750,ENA_2009b_18697,6
28,ENA,5.436057,-72.21553,CASANARE,YOPAL,Fortaleza,RIEGO,3/15/2010,3/15/2010,7/20/2010,2010,5250,ENA_2010a_18697,7
29,ENA,5.436057,-72.21553,CASANARE,YOPAL,Fortaleza,RIEGO,7/15/2010,7/15/2010,11/20/2010,2010,5250,ENA_2010b_18697,7
30,ENA,5.436057,-72.21553,CASANARE,YOPAL,INPROARROZ 1550,RIEGO,6/25/2011,6/25/2011,10/24/2011,2011,5312.5,ENA_2011a_18697,8
31,ENA,5.436057,-72.21553,CASANARE,YOPAL,INPROARROZ 1550,RIEGO,10/24/2011,10/24/2011,2/25/2012,2012,5250,ENA_2011b_18697,6
32,ENA,5.436057,-72.21553,CASANARE,YOPAL,F369,RIEGO,4/15/2012,4/15/2012,9/5/2012,2012,4875,ENA_2012a_18697,2
33,SACFA,5.367056,-72.391773,CASANARE,YOPAL,F2000,SECANO,4/25/2015,5/10/2015,9/7/2015,2015,4687.481481,SACFA_2015A_26689_58,2
34,SACFA,5.36225,-72.391723,CASANARE,YOPAL,F174,SECANO,4/12/2015,4/27/2015,9/2/2015,2015,6250,SACFA_2015A_27879_1115,2
35,SACFA,5.36225,-72.391723,CASANARE,YOPAL,F2000,SECANO,5/10/2015,5/25/2015,9/25/2015,2015,6125,SACFA_2015A_27879_916,2
36,SACFA,5.337944,-72.22775,CASANARE,YOPAL,F2000,SECANO,4/3/2014,4/18/2014,8/1/2014,2014,4687.5,SACFA_2015A_26073_611,3
37,SACFA,5.337944,-72.22775,CASANARE,YOPAL,F174,SECANO,4/10/2015,4/25/2015,9/1/2015,2015,4875,SACFA_2015A_26689_46,2
38,SACFA,5.336639,-72.233,CASANARE,YOPAL,F68,SECANO,5/5/2015,5/20/2015,9/10/2015,2015,4875,SACFA_2015A_26073_89,2
39,SACFA,5.333611,-72.225833,CASANARE,YOPAL,F174,SECANO,4/8/2015,4/23/2015,8/6/2015,2015,4875,SACFA_2015A_26073_712,2
40,SACFA,5.31105,-72.4178,CASANARE,YOPAL,F174,SECANO,3/31/2015,4/15/2015,8/13/2015,2015,5937.5,SACFA_2015A_27879_1013,2
41,SACFA,5.311,-72.166,CASANARE,YOPAL,F174,SECANO,4/6/2015,4/15/2015,8/28/2015,2015,5000,SACFA_2015A_26689_31,2
42,SACFA,5.282147,-72.215889,CASANARE,YOPAL,LAGUNAS,RIEGO,9/8/2014,9/17/2014,1/13/2015,2015,4899.166667,SACFA_2014B_695_12,1
43,SACFA,5.282147,-72.215889,CASANARE,YOPAL,LAGUNAS,RIEGO,9/8/2014,9/18/2014,1/17/2015,2015,5154.916667,SACFA_2014B_695_23,1
44,SACFA,5.282147,-72.215889,CASANARE,YOPAL,F2000,RIEGO,9/11/2014,9/19/2014,1/15/2015,2015,5362.777778,SACFA_2014B_695_34,1
45,SACFA,5.282147,-72.215889,CASANARE,YOPAL,F68,RIEGO,3/28/2015,4/4/2015,7/21/2015,2015,5974.431818,SACFA_2015A_695_22,2
46,SACFA,5.282147,-72.215889,CASANARE,YOPAL,F174,RIEGO,4/5/2015,4/13/2015,8/15/2015,2015,6625,SACFA_2015A_695_33,2
47,SACFA,5.282147,-72.215889,CASANARE,YOPAL,F174,RIEGO,4/6/2015,4/13/2015,8/13/2015,2015,4562.5,SACFA_2015A_695_11,2
48,SACFA,5.282147,-72.215889,CASANARE,YOPAL,F2000,RIEGO,4/25/2015,5/1/2015,8/30/2015,2015,5760,SACFA_2015A_695_1013,2
49,SACFA,5.281497,-72.213611,CASANARE,YOPAL,F2000,RIEGO,4/28/2015,5/4/2015,9/5/2015,2015,5467.5,SACFA_2015A_695_910,2
50,SACFA,5.277969,-72.216611,CASANARE,YOPAL,F174,RIEGO,5/3/2015,5/13/2015,9/19/2015,2015,4047.222222,SACFA_2015A_695_1114,2
51,SACFA,5.275214,-72.215033,CASANARE,YOPAL,F2000,RIEGO,3/1/2014,3/4/2014,7/2/2014,2014,3412.5,SACFA_2014A_695_43,9
52,SACFA,5.275214,-72.215033,CASANARE,YOPAL,F733,RIEGO,10/8/2014,10/23/2014,2/9/2015,2015,6437.5,SACFA_2014B_695_46,1
53,SACFA,5.275214,-72.215033,CASANARE,YOPAL,F68,RIEGO,5/1/2015,5/7/2015,8/25/2015,2015,5466.166667,SACFA_2015A_695_1215,2
54,SACFA,5.272631,-72.21525,CASANARE,YOPAL,F2000,RIEGO,10/24/2014,11/3/2014,2/21/2015,2015,5875,SACFA_2014B_695_57,1
55,SACFA,5.272631,-72.21525,CASANARE,YOPAL,F2000,RIEGO,6/13/2015,6/20/2015,10/13/2015,2015,6223.409091,SACFA_2015A_695_1316,2
56,SACFA,5.269967,-72.213978,CASANARE,YOPAL,F2000,RIEGO,9/12/2014,9/27/2014,1/8/2015,2015,4493.75,SACFA_2014B_695_65,1
57,SACFA,5.265442,-72.21545,CASANARE,YOPAL,F2000,RIEGO,6/9/2015,6/16/2015,10/10/2015,2015,5917.714286,SACFA_2015A_695_2122,2
58,SACFA,5.247972,-72.202556,CASANARE,YOPAL,F68,SECANO,5/4/2015,5/15/2015,9/3/2015,2015,4568.461538,SACFA_2015A_26506_2021,2
59,SACFA,5.246333,-72.204028,CASANARE,YOPAL,F174,SECANO,6/2/2015,6/9/2015,10/3/2015,2015,5312.5,SACFA_2015A_510_1920,2
60,SACFA,5.246333,-72.204028,CASANARE,YOPAL,F68,SECANO,6/18/2015,6/22/2015,10/5/2015,2015,4375,SACFA_2015A_28910_11,2
61,SACFA,5.226158,-72.253931,CASANARE,YOPAL,F174,SECANO,4/23/2015,5/2/2015,9/5/2015,2015,4687.5,SACFA_2015A_28950_78,2
62,SACFA,5.226158,-72.253931,CASANARE,YOPAL,F174,RIEGO,5/21/2015,5/28/2015,9/23/2015,2015,5625,SACFA_2015A_24202_67,2
63,SACFA,5.216667,-72.073667,CASANARE,YOPAL,F2000,SECANO,6/15/2015,6/22/2015,10/6/2015,2015,4687.5,SACFA_2015A_28913_1718,2
64,SACFA,5.214694,-72.072972,CASANARE,YOPAL,F2000,SECANO,6/14/2015,6/19/2015,10/6/2015,2015,4687.5,SACFA_2015A_28913_1819,2
65,SACFA,5.210339,-72.246494,CASANARE,YOPAL,F174,SECANO,3/29/2015,4/3/2015,8/1/2015,2015,3937.5,SACFA_2015A_27858_44,2
66,SACFA,5.18457,-72.243994,CASANARE,YOPAL,F2000,SECANO,5/1/2015,5/14/2015,9/15/2015,2015,4375,SACFA_2015A_28962_56,2
67,SACFA,5.03246,-72.56672,CASANARE,YOPAL,F174,SECANO,6/1/2014,6/4/2014,10/2/2014,2014,5312.5,SACFA_2014A_26974_22,3
68,SACFA,4.99675,-72.138611,CASANARE,YOPAL,F68,SECANO,5/10/2015,5/25/2015,9/5/2015,2015,4800,SACFA_2015A_26445_2123,2
69,SACFA,4.980083,-72.135194,CASANARE,YOPAL,F174,SECANO,5/20/2015,6/4/2015,9/28/2015,2015,4800,SACFA_2015A_26445_1924,2
70,SACFA,4.980083,-72.135194,CASANARE,YOPAL,F174,SECANO,5/22/2015,6/6/2015,9/25/2015,2015,4800,SACFA_2015A_26445_2025,2
71,SACFA,4.977806,-72.129722,CASANARE,YOPAL,F67,SECANO,5/24/2015,6/8/2015,10/2/2015,2015,4800,SACFA_2015A_26445_1826,2
72,SACFA,NA,NA,CASANARE,YOPAL,F2000,SECANO,4/12/2014,4/22/2014,8/13/2014,2014,5000,SACFA_2014A_26688_11,3
73,SACFA,NA,NA,CASANARE,YOPAL,F174,SECANO,4/15/2015,4/20/2015,8/22/2015,2015,4622.714286,SACFA_2015A_28404_810,2
74,SACFA,NA,NA,CASANARE,YOPAL,F174,SECANO,5/17/2015,5/22/2015,9/24/2015,2015,5687.5,SACFA_2015A_668_57,2
75,SACFA,NA,NA,CASANARE,YOPAL,F174,SECANO,5/21/2015,5/25/2015,9/24/2015,2015,4666.666667,SACFA_2015A_28404_99,2
76,SACFA,NA,NA,CASANARE,YOPAL,F2000,SECANO,6/10/2015,6/15/2015,10/12/2015,2015,5812.5,SACFA_2015A_668_69,2
77,SACFA,NA,NA,CASANARE,YOPAL,F68,SECANO,6/22/2015,6/27/2015,9/30/2015,2015,6625,SACFA_2015A_677_34,2
78,RC,NA,NA,CASANARE,YOPAL,ACD 2526,SECANO,4/11/2012,,8/15/2012,2012,5312.5,RC28_2012_213,2
79,RC,NA,NA,CASANARE,YOPAL,F174,SECANO,4/1/2012,,8/5/2012,2012,5000,RC28_2012_238,2
80,RC,NA,NA,CASANARE,YOPAL,F174,SECANO,4/5/2012,,8/9/2012,2012,4500,RC28_2012_253,2
81,RC,NA,NA,CASANARE,YOPAL,F174,SECANO,4/6/2012,,8/10/2012,2012,3750,RC28_2012_250,2
82,RC,NA,NA,CASANARE,YOPAL,F174,RIEGO,4/11/2012,,8/15/2012,2012,3125,RC28_2012_235,2
83,RC,NA,NA,CASANARE,YOPAL,F174,SECANO,4/11/2012,,8/15/2012,2012,5812.5,RC28_2012_244,2
84,RC,NA,NA,CASANARE,YOPAL,F174,SECANO,4/15/2012,,8/19/2012,2012,3437.5,RC28_2012_258,2
85,RC,NA,NA,CASANARE,YOPAL,F174,SECANO,4/16/2012,,8/20/2012,2012,5437.5,RC28_2012_255,2
86,RC,NA,NA,CASANARE,YOPAL,F60,SECANO,4/15/2012,,8/19/2012,2012,3500,RC28_2012_257,2
87,RC,NA,NA,CASANARE,YOPAL,F733,SECANO,4/1/2012,,8/5/2012,2012,6562.5,RC28_2012_254,2
88,RC,NA,NA,CASANARE,YOPAL,LAGUNAS,SECANO,3/11/2012,,7/15/2012,2012,4375,RC28_2012_239,2
89,RC,NA,NA,CASANARE,YOPAL,LAGUNAS,SECANO,3/29/2012,,8/2/2012,2012,3125,RC28_2012_256,2
90,RC,NA,NA,CASANARE,YOPAL,MOCARI,SECANO,3/29/2012,,8/2/2012,2012,4000,RC28_2012_251,2
91,RC,NA,NA,CASANARE,YOPAL,PANORAMA ,SECANO,4/11/2012,,8/15/2012,2012,5000,RC28_2012_236,2
92,RC,NA,NA,CASANARE,YOPAL,PANORAMA ,SECANO,4/21/2012,,8/25/2012,2012,6250,RC28_2012_237,2
93,RC,NA,NA,CASANARE,YOPAL,ACD 2526,RIEGO,9/11/2012,,1/15/2013,2013,6562.5,RC31_2013_54,6
94,RC,NA,NA,CASANARE,YOPAL,ACD 2526,RIEGO,9/18/2012,,1/22/2013,2013,6750,RC31_2013_55,6
95,RC,NA,NA,CASANARE,YOPAL,COPROSEM 301,RIEGO,10/6/2012,,2/9/2013,2013,5562.5,RC31_2013_42,6
96,RC,NA,NA,CASANARE,YOPAL,COPROSEM 304,RIEGO,9/18/2012,,1/22/2013,2013,5125,RC31_2013_56,6
97,RC,NA,NA,CASANARE,YOPAL,F2000,RIEGO,10/22/2012,,2/25/2013,2013,5937.5,RC31_2013_53,6
98,RC,NA,NA,CASANARE,YOPAL,F60,RIEGO,8/31/2012,,1/4/2013,2013,4687.5,RC31_2013_28,6
99,RC,NA,NA,CASANARE,YOPAL,F733,RIEGO,8/31/2012,,1/4/2013,2013,4687.5,RC31_2013_29,6
100,RC,NA,NA,CASANARE,YOPAL,F733,RIEGO,9/6/2012,,1/10/2013,2013,6125,RC31_2013_52,6
101,RC,NA,NA,CASANARE,YOPAL,F733,RIEGO,9/21/2012,,1/25/2013,2013,6875,RC31_2013_12,6
102,RC,NA,NA,CASANARE,YOPAL,F733,RIEGO,10/2/2012,,2/5/2013,2013,7375,RC31_2013_13,6
103,RC,NA,NA,CASANARE,YOPAL,F733,RIEGO,10/5/2012,,2/8/2013,2013,6625,RC31_2013_14,6
104,RC,NA,NA,CASANARE,YOPAL,F733,RIEGO,10/6/2012,,2/9/2013,2013,5937.5,RC31_2013_41,6
105,RC,NA,NA,CASANARE,YOPAL,F733,RIEGO,10/6/2012,,2/9/2013,2013,6875,RC31_2013_43,6
106,RC,NA,NA,CASANARE,YOPAL,F733,RIEGO,10/7/2012,,2/10/2013,2013,4687.5,RC31_2013_30,6
107,RC,NA,NA,CASANARE,YOPAL,F733,RIEGO,10/12/2012,,2/15/2013,2013,6562.5,RC31_2013_11,6
108,RC,NA,NA,CASANARE,YOPAL,F733,RIEGO,10/13/2012,,2/16/2013,2013,6250,RC31_2013_15,6
109,RC,NA,NA,CASANARE,YOPAL,F733,RIEGO,10/25/2012,,2/28/2013,2013,6500,RC31_2013_76,6
110,RC,NA,NA,CASANARE,YOPAL,F733,RIEGO,11/20/2012,,3/26/2013,2013,5625,RC31_2013_77,6
111,RC,NA,NA,CASANARE,YOPAL,LAGUNAS,RIEGO,10/17/2012,,2/20/2013,2013,6250,RC31_2013_16,6
112,RC,NA,NA,CASANARE,YOPAL,LAGUNAS,RIEGO,10/20/2012,,2/23/2013,2013,8437.5,RC31_2013_58,6
113,RC,NA,NA,CASANARE,YOPAL,PANORAMA ,RIEGO,10/12/2012,,2/15/2013,2013,7562.5,RC31_2013_57,6
114,RC,NA,NA,CASANARE,YOPAL,SEMILLANO 250,RIEGO,11/26/2012,,4/1/2013,2013,5937.5,RC31_2013_44,6
115,RC,NA,NA,CASANARE,YOPAL,ACEITUNO,SECANO,3/15/2013,,7/19/2013,2013,3625,RC33_2013_12,10
116,RC,NA,NA,CASANARE,YOPAL,ACEITUNO,SECANO,4/8/2013,,8/12/2013,2013,5000,RC33_2013_60,10
117,RC,NA,NA,CASANARE,YOPAL,ACEITUNO,SECANO,4/11/2013,,8/15/2013,2013,4062.5,RC33_2013_70,10
118,RC,NA,NA,CASANARE,YOPAL,ACEITUNO,SECANO,4/26/2013,,8/30/2013,2013,3750,RC33_2013_208,10
119,RC,NA,NA,CASANARE,YOPAL,ACEITUNO,SECANO,5/16/2013,,9/19/2013,2013,4687.5,RC33_2013_300,10
120,RC,NA,NA,CASANARE,YOPAL,ACEITUNO,SECANO,5/16/2013,,9/19/2013,2013,5312.5,RC33_2013_298,10
121,RC,NA,NA,CASANARE,YOPAL,COPROSEM 1,SECANO,4/24/2013,,8/28/2013,2013,5000,RC33_2013_200,10
122,RC,NA,NA,CASANARE,YOPAL,COPROSEM 1,SECANO,5/6/2013,,9/9/2013,2013,5437.5,RC33_2013_247,10
123,RC,NA,NA,CASANARE,YOPAL,F174,SECANO,3/21/2013,,7/25/2013,2013,5812.5,RC33_2013_19,10
124,RC,NA,NA,CASANARE,YOPAL,F174,SECANO,3/21/2013,,7/25/2013,2013,6250,RC33_2013_20,10
125,RC,NA,NA,CASANARE,YOPAL,F174,SECANO,3/31/2013,,8/4/2013,2013,5937.5,RC33_2013_35,10
126,RC,NA,NA,CASANARE,YOPAL,F174,SECANO,4/5/2013,,8/9/2013,2013,5500,RC33_2013_46,10
127,RC,NA,NA,CASANARE,YOPAL,F174,RIEGO,4/8/2013,,8/12/2013,2013,5375,RC33_2013_62,10
128,RC,NA,NA,CASANARE,YOPAL,F174,RIEGO,4/12/2013,,8/16/2013,2013,3750,RC33_2013_84,10
129,RC,NA,NA,CASANARE,YOPAL,F174,SECANO,4/13/2013,,8/17/2013,2013,4375,RC33_2013_89,10
130,RC,NA,NA,CASANARE,YOPAL,F174,SECANO,4/13/2013,,8/17/2013,2013,5312.5,RC33_2013_94,10
131,RC,NA,NA,CASANARE,YOPAL,F174,SECANO,4/14/2013,,8/18/2013,2013,6000,RC33_2013_102,10
132,RC,NA,NA,CASANARE,YOPAL,F174,SECANO,4/24/2013,,8/28/2013,2013,4687.5,RC33_2013_198,10
133,RC,NA,NA,CASANARE,YOPAL,F174,SECANO,4/27/2013,,8/31/2013,2013,6250,RC33_2013_215,10
134,RC,NA,NA,CASANARE,YOPAL,F174,SECANO,5/2/2013,,9/5/2013,2013,6250,RC33_2013_240,10
135,RC,NA,NA,CASANARE,YOPAL,F174,SECANO,5/24/2013,,9/27/2013,2013,5312.5,RC33_2013_321,10
136,RC,NA,NA,CASANARE,YOPAL,F174,SECANO,6/8/2013,,10/12/2013,2013,3562.5,RC33_2013_341,10
137,RC,NA,NA,CASANARE,YOPAL,F733,RIEGO,3/11/2013,,7/15/2013,2013,3125,RC33_2013_11,10
138,RC,NA,NA,CASANARE,YOPAL,F733,RIEGO,3/16/2013,,7/20/2013,2013,4687.5,RC33_2013_14,10
139,RC,NA,NA,CASANARE,YOPAL,F733,RIEGO,3/19/2013,,7/23/2013,2013,3937.5,RC33_2013_17,10
140,RC,NA,NA,CASANARE,YOPAL,F733,SECANO,3/21/2013,,7/25/2013,2013,4687,RC33_2013_21,10
141,RC,NA,NA,CASANARE,YOPAL,F733,RIEGO,3/24/2013,,7/28/2013,2013,6562,RC33_2013_23,10
142,RC,NA,NA,CASANARE,YOPAL,F733,SECANO,3/28/2013,,8/1/2013,2013,2812.5,RC33_2013_26,10
143,RC,NA,NA,CASANARE,YOPAL,F733,RIEGO,4/2/2013,,8/6/2013,2013,3125,RC33_2013_42,10
144,RC,NA,NA,CASANARE,YOPAL,F733,SECANO,4/2/2013,,8/6/2013,2013,5937.5,RC33_2013_43,10
145,RC,NA,NA,CASANARE,YOPAL,F733,RIEGO,4/4/2013,,8/8/2013,2013,6125,RC33_2013_45,10
146,RC,NA,NA,CASANARE,YOPAL,F733,SECANO,4/5/2013,,8/9/2013,2013,6250,RC33_2013_47,10
147,RC,NA,NA,CASANARE,YOPAL,F733,SECANO,4/6/2013,,8/10/2013,2013,4875,RC33_2013_52,10
148,RC,NA,NA,CASANARE,YOPAL,F733,SECANO,4/6/2013,,8/10/2013,2013,5000,RC33_2013_48,10
149,RC,NA,NA,CASANARE,YOPAL,F733,SECANO,4/11/2013,,8/15/2013,2013,3875,RC33_2013_69,10
150,RC,NA,NA,CASANARE,YOPAL,F733,RIEGO,4/11/2013,,8/15/2013,2013,6500,RC33_2013_73,10
151,RC,NA,NA,CASANARE,YOPAL,F733,SECANO,4/12/2013,,8/16/2013,2013,7500,RC33_2013_86,10
152,RC,NA,NA,CASANARE,YOPAL,F733,SECANO,4/13/2013,,8/17/2013,2013,5312.5,RC33_2013_93,10
153,RC,NA,NA,CASANARE,YOPAL,F733,SECANO,4/13/2013,,8/17/2013,2013,5625,RC33_2013_98,10
154,RC,NA,NA,CASANARE,YOPAL,F733,RIEGO,4/13/2013,,8/17/2013,2013,6562.5,RC33_2013_99,10
155,RC,NA,NA,CASANARE,YOPAL,F733,SECANO,4/14/2013,,8/18/2013,2013,3125,RC33_2013_101,10
156,RC,NA,NA,CASANARE,YOPAL,F733,SECANO,4/16/2013,,8/20/2013,2013,5000,RC33_2013_124,10
157,RC,NA,NA,CASANARE,YOPAL,F733,SECANO,4/18/2013,,8/22/2013,2013,4375,RC33_2013_153,10
158,RC,NA,NA,CASANARE,YOPAL,F733,SECANO,4/19/2013,,8/23/2013,2013,4875,RC33_2013_161,10
159,RC,NA,NA,CASANARE,YOPAL,F733,RIEGO,4/27/2013,,8/31/2013,2013,5625,RC33_2013_221,10
160,RC,NA,NA,CASANARE,YOPAL,F733,SECANO,4/27/2013,,8/31/2013,2013,6250,RC33_2013_216,10
161,RC,NA,NA,CASANARE,YOPAL,F733,SECANO,5/5/2013,,9/8/2013,2013,6000,RC33_2013_246,10
162,RC,NA,NA,CASANARE,YOPAL,F733,SECANO,5/12/2013,,9/15/2013,2013,6000,RC33_2013_291,10
163,RC,NA,NA,CASANARE,YOPAL,F733,SECANO,5/17/2013,,9/20/2013,2013,3750,RC33_2013_301,10
164,RC,NA,NA,CASANARE,YOPAL,F733,SECANO,5/17/2013,,9/20/2013,2013,5312.5,RC33_2013_302,10
165,RC,NA,NA,CASANARE,YOPAL,F733,SECANO,5/27/2013,,9/30/2013,2013,4375,RC33_2013_325,10
166,RC,NA,NA,CASANARE,YOPAL,F733,SECANO,6/4/2013,,10/8/2013,2013,3125,RC33_2013_334,10
167,RC,NA,NA,CASANARE,YOPAL,F733,SECANO,6/15/2013,,10/19/2013,2013,6125,RC33_2013_351,10
168,RC,NA,NA,CASANARE,YOPAL,LAGUNAS,SECANO,4/16/2013,,8/20/2013,2013,4375,RC33_2013_119,10
169,RC,NA,NA,CASANARE,YOPAL,OTRAS,RIEGO,4/15/2013,,8/19/2013,2013,6062.5,RC33_2013_110,10
170,RC,NA,NA,CASANARE,YOPAL,OTRAS,RIEGO,4/18/2013,,8/22/2013,2013,6375,RC33_2013_157,10
171,RC,NA,NA,CASANARE,YOPAL,OTRAS,RIEGO,4/22/2013,,8/26/2013,2013,5500,RC33_2013_186,10
172,RC,NA,NA,CASANARE,YOPAL,PANORAMA ,SECANO,5/6/2013,,9/9/2013,2013,4750,RC33_2013_248,10
173,RC,NA,NA,CASANARE,YOPAL,BUNDE,RIEGO,11/8/2013,,3/14/2014,2014,7187.5,RC36_2014_40,6
174,RC,NA,NA,CASANARE,YOPAL,F174,RIEGO,10/1/2013,,2/4/2014,2014,7812.5,RC36_2014_36,6
175,RC,NA,NA,CASANARE,YOPAL,F174,RIEGO,10/3/2013,,2/6/2014,2014,7562.5,RC36_2014_37,6
176,RC,NA,NA,CASANARE,YOPAL,F174,RIEGO,11/9/2013,,3/15/2014,2014,8750,RC36_2014_14,6
177,RC,NA,NA,CASANARE,YOPAL,F174,RIEGO,12/20/2013,,4/25/2014,2014,7473.75,RC36_2014_25,9
178,RC,NA,NA,CASANARE,YOPAL,F174,RIEGO,8/14/2014,,12/18/2014,2014,5312.5,RC36_2014_31,1
179,RC,NA,NA,CASANARE,YOPAL,F2000,RIEGO,10/13/2013,,2/16/2014,2014,6437.5,RC36_2014_39,6
180,RC,NA,NA,CASANARE,YOPAL,F2000,RIEGO,10/31/2013,,3/6/2014,2014,8437.5,RC36_2014_15,6
181,RC,NA,NA,CASANARE,YOPAL,F733,RIEGO,8/30/2013,,1/3/2014,2014,2812.5,RC36_2014_30,6
182,RC,NA,NA,CASANARE,YOPAL,F733,RIEGO,9/27/2013,,1/31/2014,2014,7062.5,RC36_2014_34,6
183,RC,NA,NA,CASANARE,YOPAL,LAGUNAS,RIEGO,10/7/2013,,2/10/2014,2014,5562.5,RC36_2014_11,6
184,RC,NA,NA,CASANARE,YOPAL,ACD 2526,RIEGO,9/11/2012,,1/15/2013,2013,6563,RC61_2013_16959,6
185,RC,NA,NA,CASANARE,YOPAL,ALEJANDRA 3-18,SECANO,6/11/2009,,10/15/2009,2009,4750,RC61_2009_4698,5
186,RC,NA,NA,CASANARE,YOPAL,ALEJANDRA 3-18,SECANO,5/12/2010,,9/15/2010,2010,4750,RC61_2010_8162,7
187,RC,NA,NA,CASANARE,YOPAL,ALEJANDRA 3-18,SECANO,6/11/2010,,10/15/2010,2010,4750,RC61_2010_8409,7
188,RC,NA,NA,CASANARE,YOPAL,ALEJANDRA 3-18,RIEGO,4/6/2011,,8/10/2011,2011,3750,RC61_2011_11284,8
189,RC,NA,NA,CASANARE,YOPAL,ALEJANDRA 3-18,RIEGO,4/6/2011,,8/10/2011,2011,4375,RC61_2011_11282,8
190,RC,NA,NA,CASANARE,YOPAL,ALEJANDRA 3-18,SECANO,6/1/2011,,10/5/2011,2011,5937.5,RC61_2011_11844,8
191,RC,NA,NA,CASANARE,YOPAL,AUTENTICA,RIEGO,9/21/2010,,1/25/2011,2011,5000,RC61_2011_9106,6
192,RC,NA,NA,CASANARE,YOPAL,AUTENTICA,RIEGO,3/16/2011,,7/20/2011,2011,3125,RC61_2011_10925,8
193,RC,NA,NA,CASANARE,YOPAL,AUTENTICA,RIEGO,4/3/2011,,8/7/2011,2011,3125,RC61_2011_11195,8
194,RC,NA,NA,CASANARE,YOPAL,AUTENTICA,RIEGO,4/11/2011,,8/15/2011,2011,2812,RC61_2011_11379,8
195,RC,NA,NA,CASANARE,YOPAL,AUTENTICA,RIEGO,4/11/2011,,8/15/2011,2011,3125,RC61_2011_11378,8
196,RC,NA,NA,CASANARE,YOPAL,AUTENTICA,SECANO,6/16/2011,,10/20/2011,2011,2500,RC61_2011_11904,8
197,RC,NA,NA,CASANARE,YOPAL,BONANZA,RIEGO,11/4/2008,,3/10/2009,2009,5843,RC61_2009_21709,6
198,RC,NA,NA,CASANARE,YOPAL,BONANZA,SECANO,4/1/2011,,8/5/2011,2011,3750,RC61_2011_11162,8
199,RC,NA,NA,CASANARE,YOPAL,CENTAUROS,SECANO,4/16/2011,,8/20/2011,2011,5812,RC61_2011_11489,8
200,RC,NA,NA,CASANARE,YOPAL,COPROSEM 301,RIEGO,10/6/2012,,2/9/2013,2013,5563,RC61_2013_17052,6
201,RC,NA,NA,CASANARE,YOPAL,COPROSEM 304,RIEGO,5/4/2009,,9/7/2009,2009,5875,RC61_2009_21772,5
202,RC,NA,NA,CASANARE,YOPAL,COPROSEM 304,RIEGO,5/10/2009,,9/13/2009,2009,5437,RC61_2009_21778,5
203,RC,NA,NA,CASANARE,YOPAL,COPROSEM 304,RIEGO,5/14/2009,,9/17/2009,2009,5000,RC61_2009_21788,5
204,RC,NA,NA,CASANARE,YOPAL,COPROSEM 304,RIEGO,5/16/2009,,9/19/2009,2009,5437,RC61_2009_21790,5
205,RC,NA,NA,CASANARE,YOPAL,COPROSEM 304,RIEGO,5/4/2010,,9/7/2010,2010,5875,RC61_2010_8026,7
206,RC,NA,NA,CASANARE,YOPAL,COPROSEM 304,RIEGO,5/10/2010,,9/13/2010,2010,5437,RC61_2010_8124,7
207,RC,NA,NA,CASANARE,YOPAL,COPROSEM 304,RIEGO,5/14/2010,,9/17/2010,2010,5000,RC61_2010_8186,7
208,RC,NA,NA,CASANARE,YOPAL,COPROSEM 304,RIEGO,5/16/2010,,9/19/2010,2010,5437,RC61_2010_8196,7
209,RC,NA,NA,CASANARE,YOPAL,COPROSEM 304,RIEGO,9/1/2010,,1/5/2011,2011,5062,RC61_2011_8690,6
210,RC,NA,NA,CASANARE,YOPAL,COPROSEM 304,RIEGO,9/1/2010,,1/5/2011,2011,5312,RC61_2011_8689,6
211,RC,NA,NA,CASANARE,YOPAL,COPROSEM 304,RIEGO,9/8/2010,,1/12/2011,2011,5062,RC61_2011_8844,6
212,RC,NA,NA,CASANARE,YOPAL,COPROSEM 304,RIEGO,9/16/2010,,1/20/2011,2011,4687,RC61_2011_9014,6
213,RC,NA,NA,CASANARE,YOPAL,COPROSEM 304,RIEGO,9/16/2010,,1/20/2011,2011,6125,RC61_2011_9020,6
214,RC,NA,NA,CASANARE,YOPAL,COPROSEM 304,RIEGO,9/19/2010,,1/23/2011,2011,5250,RC61_2011_9056,6
215,RC,NA,NA,CASANARE,YOPAL,COPROSEM 304,RIEGO,9/23/2010,,1/27/2011,2011,4500,RC61_2011_9141,6
216,RC,NA,NA,CASANARE,YOPAL,COPROSEM 304,RIEGO,9/24/2010,,1/28/2011,2011,5625,RC61_2011_9162,6
217,RC,NA,NA,CASANARE,YOPAL,COPROSEM 304,RIEGO,9/25/2010,,1/29/2011,2011,6687,RC61_2011_9183,6
218,RC,NA,NA,CASANARE,YOPAL,COPROSEM 304,RIEGO,9/26/2010,,1/30/2011,2011,5312,RC61_2011_9191,6
219,RC,NA,NA,CASANARE,YOPAL,COPROSEM 304,RIEGO,3/28/2011,,8/1/2011,2011,4875,RC61_2011_11081,8
220,RC,NA,NA,CASANARE,YOPAL,COPROSEM 304,SECANO,4/5/2011,,8/9/2011,2011,6875,RC61_2011_11235,8
221,RC,NA,NA,CASANARE,YOPAL,F174,RIEGO,4/18/2009,,8/22/2009,2009,5687,RC61_2009_21756,5
222,RC,NA,NA,CASANARE,YOPAL,F174,SECANO,4/22/2009,,8/26/2009,2009,3750,RC61_2009_21762,5
223,RC,NA,NA,CASANARE,YOPAL,F174,RIEGO,5/19/2009,,9/22/2009,2009,5937,RC61_2009_21796,5
224,RC,NA,NA,CASANARE,YOPAL,F174,RIEGO,6/9/2009,,10/13/2009,2009,5937,RC61_2009_21819,5
225,RC,NA,NA,CASANARE,YOPAL,F174,SECANO,7/8/2009,,11/11/2009,2009,7312,RC61_2009_21836,5
226,RC,NA,NA,CASANARE,YOPAL,F174,RIEGO,9/26/2009,,1/30/2010,2010,5937,RC61_2010_5172,6
227,RC,NA,NA,CASANARE,YOPAL,F174,RIEGO,10/7/2009,,2/10/2010,2010,5875,RC61_2010_5326,6
228,RC,NA,NA,CASANARE,YOPAL,F174,RIEGO,10/12/2009,,2/15/2010,2010,3750,RC61_2010_5413,6
229,RC,NA,NA,CASANARE,YOPAL,F174,RIEGO,11/6/2009,,3/12/2010,2010,5400,RC61_2010_5833,6
230,RC,NA,NA,CASANARE,YOPAL,F174,RIEGO,11/12/2009,,3/18/2010,2010,7375,RC61_2010_5938,6
231,RC,NA,NA,CASANARE,YOPAL,F174,RIEGO,12/3/2009,,4/8/2010,2010,7250,RC61_2010_6230,6
232,RC,NA,NA,CASANARE,YOPAL,F174,SECANO,4/3/2010,,8/7/2010,2010,5313,RC61_2010_7499,7
233,RC,NA,NA,CASANARE,YOPAL,F174,SECANO,4/6/2010,,8/10/2010,2010,6250,RC61_2010_7545,7
234,RC,NA,NA,CASANARE,YOPAL,F174,SECANO,4/11/2010,,8/15/2010,2010,5312,RC61_2010_7624,7
235,RC,NA,NA,CASANARE,YOPAL,F174,SECANO,4/13/2010,,8/17/2010,2010,5313,RC61_2010_7638,7
236,RC,NA,NA,CASANARE,YOPAL,F174,SECANO,4/16/2010,,8/20/2010,2010,5312,RC61_2010_7702,7
237,RC,NA,NA,CASANARE,YOPAL,F174,SECANO,4/16/2010,,8/20/2010,2010,8125,RC61_2010_7697,7
238,RC,NA,NA,CASANARE,YOPAL,F174,RIEGO,4/18/2010,,8/22/2010,2010,5687,RC61_2010_7726,7
239,RC,NA,NA,CASANARE,YOPAL,F174,SECANO,4/21/2010,,8/25/2010,2010,5312,RC61_2010_7795,7
240,RC,NA,NA,CASANARE,YOPAL,F174,SECANO,4/21/2010,,8/25/2010,2010,6250,RC61_2010_7798,7
241,RC,NA,NA,CASANARE,YOPAL,F174,SECANO,4/21/2010,,8/25/2010,2010,8125,RC61_2010_7791,7
242,RC,NA,NA,CASANARE,YOPAL,F174,SECANO,4/22/2010,,8/26/2010,2010,3750,RC61_2010_7816,7
243,RC,NA,NA,CASANARE,YOPAL,F174,SECANO,4/29/2010,,9/2/2010,2010,4350,RC61_2010_7925,7
244,RC,NA,NA,CASANARE,YOPAL,F174,SECANO,5/5/2010,,9/8/2010,2010,5313,RC61_2010_8035,7
245,RC,NA,NA,CASANARE,YOPAL,F174,SECANO,5/9/2010,,9/12/2010,2010,5313,RC61_2010_8104,7
246,RC,NA,NA,CASANARE,YOPAL,F174,RIEGO,5/10/2010,,9/13/2010,2010,5937,RC61_2010_8125,7
247,RC,NA,NA,CASANARE,YOPAL,F174,SECANO,5/13/2010,,9/16/2010,2010,6375,RC61_2010_8175,7
248,RC,NA,NA,CASANARE,YOPAL,F174,SECANO,5/17/2010,,9/20/2010,2010,6250,RC61_2010_8220,7
249,RC,NA,NA,CASANARE,YOPAL,F174,RIEGO,5/19/2010,,9/22/2010,2010,5937,RC61_2010_8238,7
250,RC,NA,NA,CASANARE,YOPAL,F174,SECANO,5/31/2010,,10/4/2010,2010,6937,RC61_2010_8333,7
251,RC,NA,NA,CASANARE,YOPAL,F174,RIEGO,6/9/2010,,10/13/2010,2010,5937,RC61_2010_8393,7
252,RC,NA,NA,CASANARE,YOPAL,F174,RIEGO,9/1/2010,,1/5/2011,2011,5312,RC61_2011_8679,6
253,RC,NA,NA,CASANARE,YOPAL,F174,RIEGO,9/6/2010,,1/10/2011,2011,5250,RC61_2011_8779,6
254,RC,NA,NA,CASANARE,YOPAL,F174,RIEGO,9/16/2010,,1/20/2011,2011,5437,RC61_2011_9013,6
255,RC,NA,NA,CASANARE,YOPAL,F174,RIEGO,9/25/2010,,1/29/2011,2011,6750,RC61_2011_9181,6
256,RC,NA,NA,CASANARE,YOPAL,F174,RIEGO,4/6/2011,,8/10/2011,2011,6062,RC61_2011_11279,8
257,RC,NA,NA,CASANARE,YOPAL,F174,SECANO,4/11/2011,,8/15/2011,2011,5000,RC61_2011_11376,8
258,RC,NA,NA,CASANARE,YOPAL,F174,RIEGO,4/11/2011,,8/15/2011,2011,5375,RC61_2011_11375,8
259,RC,NA,NA,CASANARE,YOPAL,F174,RIEGO,4/11/2011,,8/15/2011,2011,5812,RC61_2011_11374,8
260,RC,NA,NA,CASANARE,YOPAL,F174,RIEGO,4/11/2011,,8/15/2011,2011,5937,RC61_2011_11373,8
261,RC,NA,NA,CASANARE,YOPAL,F174,SECANO,4/12/2011,,8/16/2011,2011,5688,RC61_2011_11400,8
262,RC,NA,NA,CASANARE,YOPAL,F174,RIEGO,4/14/2011,,8/18/2011,2011,5875,RC61_2011_11440,8
263,RC,NA,NA,CASANARE,YOPAL,F174,RIEGO,4/14/2011,,8/18/2011,2011,6563,RC61_2011_11439,8
264,RC,NA,NA,CASANARE,YOPAL,F174,SECANO,4/16/2011,,8/20/2011,2011,5750,RC61_2011_11490,8
265,RC,NA,NA,CASANARE,YOPAL,F174,SECANO,4/16/2011,,8/20/2011,2011,5812,RC61_2011_11488,8
266,RC,NA,NA,CASANARE,YOPAL,F174,SECANO,4/16/2011,,8/20/2011,2011,6250,RC61_2011_11487,8
267,RC,NA,NA,CASANARE,YOPAL,F174,RIEGO,4/20/2011,,8/24/2011,2011,4375,RC61_2011_11556,8
268,RC,NA,NA,CASANARE,YOPAL,F174,RIEGO,4/20/2011,,8/24/2011,2011,5312,RC61_2011_11555,8
269,RC,NA,NA,CASANARE,YOPAL,F174,SECANO,4/25/2011,,8/29/2011,2011,6500,RC61_2011_11614,8
270,RC,NA,NA,CASANARE,YOPAL,F174,SECANO,4/29/2011,,9/2/2011,2011,3750,RC61_2011_11652,8
271,RC,NA,NA,CASANARE,YOPAL,F174,SECANO,5/12/2011,,9/15/2011,2011,5000,RC61_2011_11734,8
272,RC,NA,NA,CASANARE,YOPAL,F174,SECANO,5/17/2011,,9/20/2011,2011,4875,RC61_2011_11761,8
273,RC,NA,NA,CASANARE,YOPAL,F174,SECANO,5/17/2011,,9/20/2011,2011,5187.5,RC61_2011_11760,8
274,RC,NA,NA,CASANARE,YOPAL,F174,SECANO,5/22/2011,,9/25/2011,2011,2812.5,RC61_2011_11792,8
275,RC,NA,NA,CASANARE,YOPAL,F174,SECANO,5/28/2011,,10/1/2011,2011,5625,RC61_2011_11825,8
276,RC,NA,NA,CASANARE,YOPAL,F174,SECANO,5/30/2011,,10/3/2011,2011,5625,RC61_2011_11831,8
277,RC,NA,NA,CASANARE,YOPAL,F174,SECANO,6/1/2011,,10/5/2011,2011,3125,RC61_2011_11846,8
278,RC,NA,NA,CASANARE,YOPAL,F174,SECANO,6/1/2011,,10/5/2011,2011,4875,RC61_2011_11842,8
279,RC,NA,NA,CASANARE,YOPAL,F174,SECANO,6/13/2011,,10/17/2011,2011,3625,RC61_2011_11901,8
280,RC,NA,NA,CASANARE,YOPAL,F2000,RIEGO,4/1/2009,,8/5/2009,2009,5000,RC61_2009_21734,5
281,RC,NA,NA,CASANARE,YOPAL,F2000,SECANO,4/16/2009,,8/20/2009,2009,5312,RC61_2009_21752,5
282,RC,NA,NA,CASANARE,YOPAL,F2000,RIEGO,6/2/2009,,10/6/2009,2009,5000,RC61_2009_21807,5
283,RC,NA,NA,CASANARE,YOPAL,F2000,RIEGO,9/11/2009,,1/15/2010,2010,5625,RC61_2010_4962,6
284,RC,NA,NA,CASANARE,YOPAL,F2000,RIEGO,11/4/2009,,3/10/2010,2010,5375,RC61_2010_5803,6
285,RC,NA,NA,CASANARE,YOPAL,F2000,RIEGO,11/9/2009,,3/15/2010,2010,5437,RC61_2010_5894,6
286,RC,NA,NA,CASANARE,YOPAL,F2000,RIEGO,4/1/2010,,8/5/2010,2010,5000,RC61_2010_7468,7
287,RC,NA,NA,CASANARE,YOPAL,F2000,RIEGO,4/2/2010,,8/6/2010,2010,5000,RC61_2010_7487,7
288,RC,NA,NA,CASANARE,YOPAL,F2000,SECANO,4/16/2010,,8/20/2010,2010,5312,RC61_2010_7704,7
289,RC,NA,NA,CASANARE,YOPAL,F2000,RIEGO,6/2/2010,,10/6/2010,2010,5000,RC61_2010_8354,7
290,RC,NA,NA,CASANARE,YOPAL,F2000,RIEGO,8/28/2010,,1/1/2011,2011,6250,RC61_2011_8609,6
291,RC,NA,NA,CASANARE,YOPAL,F2000,RIEGO,8/31/2010,,1/4/2011,2011,6937,RC61_2011_8660,6
292,RC,NA,NA,CASANARE,YOPAL,F2000,RIEGO,9/14/2010,,1/18/2011,2011,7062,RC61_2011_8967,6
293,RC,NA,NA,CASANARE,YOPAL,F2000,RIEGO,9/16/2010,,1/20/2011,2011,5812,RC61_2011_9018,6
294,RC,NA,NA,CASANARE,YOPAL,F2000,RIEGO,10/22/2012,,2/25/2013,2013,5938,RC61_2013_17114,6
295,RC,NA,NA,CASANARE,YOPAL,F369,RIEGO,4/2/2008,,8/6/2008,2008,5187,RC61_2008_1161,4
296,RC,NA,NA,CASANARE,YOPAL,F369,SECANO,4/14/2008,,8/18/2008,2008,4938,RC61_2008_1268,4
297,RC,NA,NA,CASANARE,YOPAL,F369,SECANO,4/21/2008,,8/25/2008,2008,6375,RC61_2008_1340,4
298,RC,NA,NA,CASANARE,YOPAL,F369,SECANO,5/8/2008,,9/11/2008,2008,4875,RC61_2008_1495,4
299,RC,NA,NA,CASANARE,YOPAL,F369,RIEGO,5/9/2008,,9/12/2008,2008,6125,RC61_2008_1501,4
300,RC,NA,NA,CASANARE,YOPAL,F369,SECANO,5/12/2008,,9/15/2008,2008,4875,RC61_2008_1529,4
301,RC,NA,NA,CASANARE,YOPAL,F369,SECANO,5/15/2008,,9/18/2008,2008,6437,RC61_2008_1548,4
302,RC,NA,NA,CASANARE,YOPAL,F369,RIEGO,5/19/2008,,9/22/2008,2008,6125,RC61_2008_1581,4
303,RC,NA,NA,CASANARE,YOPAL,F369,RIEGO,5/22/2008,,9/25/2008,2008,6562,RC61_2008_1593,4
304,RC,NA,NA,CASANARE,YOPAL,F369,SECANO,5/24/2008,,9/27/2008,2008,6562,RC61_2008_1613,4
305,RC,NA,NA,CASANARE,YOPAL,F369,SECANO,5/28/2008,,10/1/2008,2008,5625,RC61_2008_1685,4
306,RC,NA,NA,CASANARE,YOPAL,F369,SECANO,6/11/2008,,10/15/2008,2008,4687,RC61_2008_1736,4
307,RC,NA,NA,CASANARE,YOPAL,F369,RIEGO,11/4/2008,,3/10/2009,2009,4450,RC61_2009_21710,6
308,RC,NA,NA,CASANARE,YOPAL,F369,RIEGO,11/14/2008,,3/20/2009,2009,4537,RC61_2009_21715,6
309,RC,NA,NA,CASANARE,YOPAL,F369,RIEGO,11/15/2008,,3/21/2009,2009,3300,RC61_2009_21716,6
310,RC,NA,NA,CASANARE,YOPAL,F369,RIEGO,12/5/2008,,4/10/2009,2009,4835,RC61_2009_21718,6
311,RC,NA,NA,CASANARE,YOPAL,F369,RIEGO,12/10/2008,,4/15/2009,2009,5775,RC61_2009_21720,6
312,RC,NA,NA,CASANARE,YOPAL,F369,SECANO,4/17/2009,,8/21/2009,2009,6250,RC61_2009_21755,5
313,RC,NA,NA,CASANARE,YOPAL,F369,RIEGO,4/28/2009,,9/1/2009,2009,5625,RC61_2009_21766,5
314,RC,NA,NA,CASANARE,YOPAL,F369,RIEGO,9/12/2009,,1/16/2010,2010,5800,RC61_2010_4972,6
315,RC,NA,NA,CASANARE,YOPAL,F369,RIEGO,10/8/2009,,2/11/2010,2010,5312,RC61_2010_5335,6
316,RC,NA,NA,CASANARE,YOPAL,F369,RIEGO,12/4/2009,,4/9/2010,2010,5938,RC61_2010_6240,6
317,RC,NA,NA,CASANARE,YOPAL,F369,SECANO,4/17/2010,,8/21/2010,2010,6250,RC61_2010_7716,7
318,RC,NA,NA,CASANARE,YOPAL,F369,RIEGO,4/28/2010,,9/1/2010,2010,5625,RC61_2010_7912,7
319,RC,NA,NA,CASANARE,YOPAL,F369,SECANO,4/28/2010,,9/1/2010,2010,6250,RC61_2010_7910,7
320,RC,NA,NA,CASANARE,YOPAL,F369,SECANO,5/5/2010,,9/8/2010,2010,6250,RC61_2010_8036,7
321,RC,NA,NA,CASANARE,YOPAL,F369,SECANO,5/25/2010,,9/28/2010,2010,6250,RC61_2010_8282,7
322,RC,NA,NA,CASANARE,YOPAL,F369,SECANO,6/3/2010,,10/7/2010,2010,6375,RC61_2010_8357,7
323,RC,NA,NA,CASANARE,YOPAL,F369,RIEGO,9/10/2010,,1/14/2011,2011,5250,RC61_2011_8883,6
324,RC,NA,NA,CASANARE,YOPAL,F369,SECANO,4/11/2011,,8/15/2011,2011,6750,RC61_2011_11372,8
325,RC,NA,NA,CASANARE,YOPAL,F369,SECANO,4/13/2011,,8/17/2011,2011,5000,RC61_2011_11414,8
326,RC,NA,NA,CASANARE,YOPAL,F369,SECANO,5/7/2011,,9/10/2011,2011,5937.5,RC61_2011_11707,8
327,RC,NA,NA,CASANARE,YOPAL,F50,RIEGO,5/7/2008,,9/10/2008,2008,3944,RC61_2008_1486,4
328,RC,NA,NA,CASANARE,YOPAL,F50,RIEGO,5/14/2008,,9/17/2008,2008,4625,RC61_2008_1546,4
329,RC,NA,NA,CASANARE,YOPAL,F50,RIEGO,5/22/2008,,9/25/2008,2008,4266,RC61_2008_1608,4
330,RC,NA,NA,CASANARE,YOPAL,F50,RIEGO,11/4/2008,,3/10/2009,2009,5800,RC61_2009_21711,6
331,RC,NA,NA,CASANARE,YOPAL,F50,RIEGO,11/9/2008,,3/15/2009,2009,4125,RC61_2009_21714,6
332,RC,NA,NA,CASANARE,YOPAL,F50,RIEGO,9/29/2009,,2/2/2010,2010,5687,RC61_2010_5215,6
333,RC,NA,NA,CASANARE,YOPAL,F50,RIEGO,6/6/2011,,10/10/2011,2011,5000,RC61_2011_11864,8
334,RC,NA,NA,CASANARE,YOPAL,F50,SECANO,7/2/2011,,11/5/2011,2011,4375,RC61_2011_11950,8
335,RC,NA,NA,CASANARE,YOPAL,F50,RIEGO,7/12/2011,,11/15/2011,2011,2500,RC61_2011_11994,8
336,RC,NA,NA,CASANARE,YOPAL,F60,RIEGO,10/23/2009,,2/26/2010,2010,5000,RC61_2010_5615,6
337,RC,NA,NA,CASANARE,YOPAL,F60,RIEGO,9/8/2010,,1/12/2011,2011,5937,RC61_2011_8847,6
338,RC,NA,NA,CASANARE,YOPAL,F60,RIEGO,9/21/2010,,1/25/2011,2011,5312,RC61_2011_9109,6
339,RC,NA,NA,CASANARE,YOPAL,F60,RIEGO,3/26/2011,,7/30/2011,2011,3937,RC61_2011_11055,8
340,RC,NA,NA,CASANARE,YOPAL,F60,RIEGO,3/26/2011,,7/30/2011,2011,4375,RC61_2011_11054,8
341,RC,NA,NA,CASANARE,YOPAL,F60,RIEGO,4/6/2011,,8/10/2011,2011,3062,RC61_2011_11286,8
342,RC,NA,NA,CASANARE,YOPAL,F60,SECANO,4/23/2011,,8/27/2011,2011,6000,RC61_2011_11602,8
343,RC,NA,NA,CASANARE,YOPAL,F60,SECANO,4/28/2011,,9/1/2011,2011,5812.5,RC61_2011_11637,8
344,RC,NA,NA,CASANARE,YOPAL,F60,SECANO,5/9/2011,,9/12/2011,2011,5312.5,RC61_2011_11715,8
345,RC,NA,NA,CASANARE,YOPAL,F60,SECANO,5/17/2011,,9/20/2011,2011,6500,RC61_2011_11764,8
346,RC,NA,NA,CASANARE,YOPAL,F60,SECANO,5/22/2011,,9/25/2011,2011,5625,RC61_2011_11787,8
347,RC,NA,NA,CASANARE,YOPAL,F60,SECANO,5/28/2011,,10/1/2011,2011,5625,RC61_2011_11824,8
348,RC,NA,NA,CASANARE,YOPAL,F60,RIEGO,8/31/2012,,1/4/2013,2013,4688,RC61_2013_16895,6
349,RC,NA,NA,CASANARE,YOPAL,F733,RIEGO,8/31/2012,,1/4/2013,2013,4688,RC61_2013_16896,6
350,RC,NA,NA,CASANARE,YOPAL,F733,RIEGO,10/6/2012,,2/9/2013,2013,5938,RC61_2013_17051,6
351,RC,NA,NA,CASANARE,YOPAL,F733,RIEGO,10/7/2012,,2/10/2013,2013,4688,RC61_2013_600,6
352,RC,NA,NA,CASANARE,YOPAL,F733,RIEGO,10/12/2012,,2/15/2013,2013,6563,RC61_2013_17081,6
353,RC,NA,NA,CASANARE,YOPAL,FORTALEZA,SECANO,4/26/2008,,8/30/2008,2008,6250,RC61_2008_1415,4
354,RC,NA,NA,CASANARE,YOPAL,FORTALEZA,RIEGO,11/2/2008,,3/8/2009,2009,4130,RC61_2009_21708,6
355,RC,NA,NA,CASANARE,YOPAL,FORTALEZA,RIEGO,11/9/2008,,3/15/2009,2009,5156,RC61_2009_21713,6
356,RC,NA,NA,CASANARE,YOPAL,FORTALEZA,RIEGO,11/30/2008,,4/5/2009,2009,3340,RC61_2009_21717,6
357,RC,NA,NA,CASANARE,YOPAL,FORTALEZA,RIEGO,12/5/2008,,4/10/2009,2009,4125,RC61_2009_21719,6
358,RC,NA,NA,CASANARE,YOPAL,FORTALEZA,RIEGO,12/20/2008,,4/25/2009,2009,3900,RC61_2009_21723,6
359,RC,NA,NA,CASANARE,YOPAL,FORTALEZA,RIEGO,2/25/2009,,7/1/2009,2009,5812,RC61_2009_21729,5
360,RC,NA,NA,CASANARE,YOPAL,FORTALEZA,RIEGO,3/31/2009,,8/4/2009,2009,5937,RC61_2009_21732,5
361,RC,NA,NA,CASANARE,YOPAL,FORTALEZA,SECANO,4/6/2009,,8/10/2009,2009,5000,RC61_2009_21738,5
362,RC,NA,NA,CASANARE,YOPAL,FORTALEZA,RIEGO,2/25/2010,,7/1/2010,2010,5812,RC61_2010_7092,7
363,RC,NA,NA,CASANARE,YOPAL,FORTALEZA,RIEGO,3/31/2010,,8/4/2010,2010,5937,RC61_2010_7451,7
364,RC,NA,NA,CASANARE,YOPAL,FORTALEZA,SECANO,4/6/2010,,8/10/2010,2010,5000,RC61_2010_7546,7
365,RC,NA,NA,CASANARE,YOPAL,FORTALEZA,RIEGO,9/1/2010,,1/5/2011,2011,4875,RC61_2011_8691,6
366,RC,NA,NA,CASANARE,YOPAL,FORTALEZA,RIEGO,9/2/2010,,1/6/2011,2011,3440,RC61_2011_8707,6
367,RC,NA,NA,CASANARE,YOPAL,FORTALEZA,RIEGO,9/8/2010,,1/12/2011,2011,4562,RC61_2011_8845,6
368,RC,NA,NA,CASANARE,YOPAL,FORTALEZA,RIEGO,9/16/2010,,1/20/2011,2011,4062,RC61_2011_9012,6
369,RC,NA,NA,CASANARE,YOPAL,FORTALEZA,RIEGO,9/16/2010,,1/20/2011,2011,5125,RC61_2011_9019,6
370,RC,NA,NA,CASANARE,YOPAL,FORTALEZA,RIEGO,9/21/2010,,1/25/2011,2011,4687,RC61_2011_9105,6
371,RC,NA,NA,CASANARE,YOPAL,FORTALEZA,RIEGO,9/26/2010,,1/30/2011,2011,4062,RC61_2011_9192,6
372,RC,NA,NA,CASANARE,YOPAL,FORTALEZA,RIEGO,4/1/2011,,8/5/2011,2011,3437,RC61_2011_11163,8
373,RC,NA,NA,CASANARE,YOPAL,FORTALEZA,SECANO,4/7/2011,,8/11/2011,2011,5837,RC61_2011_11297,8
374,RC,NA,NA,CASANARE,YOPAL,FORTALEZA,RIEGO,4/11/2011,,8/15/2011,2011,4687,RC61_2011_11377,8
375,RC,NA,NA,CASANARE,YOPAL,FORTALEZA,SECANO,4/13/2011,,8/17/2011,2011,5625,RC61_2011_11413,8
376,RC,NA,NA,CASANARE,YOPAL,FORTALEZA,SECANO,4/16/2011,,8/20/2011,2011,5625,RC61_2011_11492,8
377,RC,NA,NA,CASANARE,YOPAL,FORTALEZA,SECANO,5/22/2011,,9/25/2011,2011,5125,RC61_2011_11791,8
378,RC,NA,NA,CASANARE,YOPAL,FORTALEZA,SECANO,5/28/2011,,10/1/2011,2011,2500,RC61_2011_11818,8
379,RC,NA,NA,CASANARE,YOPAL,FORTALEZA,SECANO,5/28/2011,,10/1/2011,2011,3125,RC61_2011_11819,8
380,RC,NA,NA,CASANARE,YOPAL,FORTALEZA,SECANO,6/1/2011,,10/5/2011,2011,3437.5,RC61_2011_11847,8
381,RC,NA,NA,CASANARE,YOPAL,FORTALEZA,SECANO,6/1/2011,,10/5/2011,2011,3812.5,RC61_2011_11845,8
382,RC,NA,NA,CASANARE,YOPAL,INPROARROZ 1550,SECANO,3/29/2008,,8/2/2008,2008,6250,RC61_2008_1142,4
383,RC,NA,NA,CASANARE,YOPAL,INPROARROZ 1550,SECANO,4/6/2008,,8/10/2008,2008,5900,RC61_2008_1192,4
384,RC,NA,NA,CASANARE,YOPAL,INPROARROZ 1550,RIEGO,5/7/2008,,9/10/2008,2008,7062,RC61_2008_1483,4
385,RC,NA,NA,CASANARE,YOPAL,INPROARROZ 1550,SECANO,5/11/2008,,9/14/2008,2008,6875,RC61_2008_1513,4
386,RC,NA,NA,CASANARE,YOPAL,INPROARROZ 1550,SECANO,6/8/2008,,10/12/2008,2008,6250,RC61_2008_1705,4
387,RC,NA,NA,CASANARE,YOPAL,INPROARROZ 1550,SECANO,6/19/2008,,10/23/2008,2008,5890,RC61_2008_1743,4
388,RC,NA,NA,CASANARE,YOPAL,INPROARROZ 1550,SECANO,4/1/2009,,8/5/2009,2009,5937,RC61_2009_21735,5
389,RC,NA,NA,CASANARE,YOPAL,INPROARROZ 1550,SECANO,4/13/2009,,8/17/2009,2009,6250,RC61_2009_21747,5
390,RC,NA,NA,CASANARE,YOPAL,INPROARROZ 1550,RIEGO,8/29/2009,,1/2/2010,2010,5750,RC61_2010_4779,6
391,RC,NA,NA,CASANARE,YOPAL,INPROARROZ 1550,SECANO,4/1/2010,,8/5/2010,2010,5937,RC61_2010_7466,7
392,RC,NA,NA,CASANARE,YOPAL,INPROARROZ 1550,SECANO,4/13/2010,,8/17/2010,2010,6250,RC61_2010_7640,7
393,RC,NA,NA,CASANARE,YOPAL,INPROARROZ 1550,SECANO,4/29/2010,,9/2/2010,2010,6100,RC61_2010_7930,7
394,RC,NA,NA,CASANARE,YOPAL,INPROARROZ 1550,RIEGO,8/16/2010,,12/20/2010,2010,5813,RC61_2010_8578,6
395,RC,NA,NA,CASANARE,YOPAL,INPROARROZ 1550,RIEGO,9/3/2010,,1/7/2011,2011,4062,RC61_2011_8726,6
396,RC,NA,NA,CASANARE,YOPAL,INPROARROZ 1550,RIEGO,9/3/2010,,1/7/2011,2011,5000,RC61_2011_8727,6
397,RC,NA,NA,CASANARE,YOPAL,INPROARROZ 1550,RIEGO,9/10/2010,,1/14/2011,2011,5250,RC61_2011_8882,6
398,RC,NA,NA,CASANARE,YOPAL,INPROARROZ 1550,RIEGO,9/21/2010,,1/25/2011,2011,6063,RC61_2011_9103,6
399,RC,NA,NA,CASANARE,YOPAL,INPROARROZ 1550,RIEGO,10/16/2010,,2/19/2011,2011,4000,RC61_2011_9458,6
400,RC,NA,NA,CASANARE,YOPAL,INPROARROZ 1550,RIEGO,10/21/2010,,2/24/2011,2011,4250,RC61_2011_9515,6
401,RC,NA,NA,CASANARE,YOPAL,INPROARROZ 1550,RIEGO,4/6/2011,,8/10/2011,2011,3750,RC61_2011_11283,8
402,RC,NA,NA,CASANARE,YOPAL,INPROARROZ 1550,RIEGO,4/6/2011,,8/10/2011,2011,4375,RC61_2011_11281,8
403,RC,NA,NA,CASANARE,YOPAL,INPROARROZ 1550,SECANO,4/16/2011,,8/20/2011,2011,1875,RC61_2011_11499,8
404,RC,NA,NA,CASANARE,YOPAL,INPROARROZ 1550,SECANO,4/16/2011,,8/20/2011,2011,5312,RC61_2011_11493,8
405,RC,NA,NA,CASANARE,YOPAL,INPROARROZ 1550,SECANO,4/16/2011,,8/20/2011,2011,5625,RC61_2011_11491,8
406,RC,NA,NA,CASANARE,YOPAL,INPROARROZ 1550,SECANO,4/20/2011,,8/24/2011,2011,6187,RC61_2011_11554,8
407,RC,NA,NA,CASANARE,YOPAL,INPROARROZ 1550,SECANO,5/2/2011,,9/5/2011,2011,5625,RC61_2011_11669,8
408,RC,NA,NA,CASANARE,YOPAL,INPROARROZ 1550,SECANO,5/27/2011,,9/30/2011,2011,5937.5,RC61_2011_11812,8
409,RC,NA,NA,CASANARE,YOPAL,INPROARROZ 1550,SECANO,5/28/2011,,10/1/2011,2011,4437.5,RC61_2011_11823,8
410,RC,NA,NA,CASANARE,YOPAL,INPROARROZ 1550,SECANO,5/28/2011,,10/1/2011,2011,8000,RC61_2011_11822,8
411,RC,NA,NA,CASANARE,YOPAL,INPROARROZ 1550,SECANO,6/11/2011,,10/15/2011,2011,NA,RC61_2011_11894,8
412,RC,NA,NA,CASANARE,YOPAL,INPROARROZ 1550,SECANO,6/11/2011,,10/15/2011,2011,5625,RC61_2011_11886,8
413,RC,NA,NA,CASANARE,YOPAL,INPROARROZ 216,RIEGO,5/2/2008,,9/5/2008,2008,6870,RC61_2008_1469,4
414,RC,NA,NA,CASANARE,YOPAL,INPROARROZ 216,SECANO,5/9/2008,,9/12/2008,2008,5938,RC61_2008_1502,4
415,RC,NA,NA,CASANARE,YOPAL,INPROARROZ 216,RIEGO,9/11/2010,,1/15/2011,2011,3125,RC61_2011_8912,6
416,RC,NA,NA,CASANARE,YOPAL,INPROARROZ 216,RIEGO,9/16/2010,,1/20/2011,2011,3437,RC61_2011_9016,6
417,RC,NA,NA,CASANARE,YOPAL,INPROARROZ 216,RIEGO,9/23/2010,,1/27/2011,2011,4062,RC61_2011_9142,6
418,RC,NA,NA,CASANARE,YOPAL,INPROARROZ 216,RIEGO,9/29/2010,,2/2/2011,2011,4062,RC61_2011_9235,6
419,RC,NA,NA,CASANARE,YOPAL,INPROARROZ 216,RIEGO,10/10/2010,,2/13/2011,2011,3875,RC61_2011_9375,6
420,RC,NA,NA,CASANARE,YOPAL,INPROARROZ 216,SECANO,4/6/2011,,8/10/2011,2011,5937,RC61_2011_11280,8
421,RC,NA,NA,CASANARE,YOPAL,INPROARROZ 216,SECANO,6/24/2011,,10/28/2011,2011,4375,RC61_2011_11924,8
422,RC,NA,NA,CASANARE,YOPAL,LAGUNAS,RIEGO,5/13/2011,,9/16/2011,2011,5000,RC61_2011_11745,8
423,RC,NA,NA,CASANARE,YOPAL,LAGUNAS,RIEGO,6/3/2011,,10/7/2011,2011,7562.5,RC61_2011_11856,8
424,RC,NA,NA,CASANARE,YOPAL,LAGUNAS,RIEGO,7/11/2011,,11/14/2011,2011,5563,RC61_2011_11989,8
425,RC,NA,NA,CASANARE,YOPAL,LAGUNAS,RIEGO,7/19/2011,,11/22/2011,2011,5563,RC61_2011_12024,8
426,RC,NA,NA,CASANARE,YOPAL,LAGUNAS,RIEGO,7/25/2011,,11/28/2011,2011,5563,RC61_2011_12055,8
427,RC,NA,NA,CASANARE,YOPAL,LAGUNAS,RIEGO,8/1/2011,,12/5/2011,2011,5563,RC61_2011_12092,8
428,RC,NA,NA,CASANARE,YOPAL,LAGUNAS,RIEGO,8/11/2011,,12/15/2011,2011,5563,RC61_2011_12176,8
429,RC,NA,NA,CASANARE,YOPAL,LAGUNAS,RIEGO,10/20/2012,,2/23/2013,2013,8438,RC61_2013_17109,6
430,RC,NA,NA,CASANARE,YOPAL,ONLY RICE 228,RIEGO,6/4/2011,,10/8/2011,2011,7000,RC61_2011_11859,8
431,RC,NA,NA,CASANARE,YOPAL,ORQUIDEA 1,RIEGO,2/10/2008,,6/15/2008,2008,6150,RC61_2008_921,11
432,RC,NA,NA,CASANARE,YOPAL,ORQUIDEA 1,RIEGO,3/11/2008,,7/15/2008,2008,6125,RC61_2008_1009,4
433,RC,NA,NA,CASANARE,YOPAL,ORQUIDEA 1,RIEGO,3/16/2008,,7/20/2008,2008,5500,RC61_2008_1021,4
434,RC,NA,NA,CASANARE,YOPAL,ORQUIDEA 1,SECANO,3/28/2008,,8/1/2008,2008,5625,RC61_2008_1134,4
435,RC,NA,NA,CASANARE,YOPAL,ORQUIDEA 1,SECANO,3/31/2008,,8/4/2008,2008,5625,RC61_2008_1150,4
436,RC,NA,NA,CASANARE,YOPAL,ORQUIDEA 1,SECANO,4/3/2008,,8/7/2008,2008,5562,RC61_2008_1167,4
437,RC,NA,NA,CASANARE,YOPAL,ORQUIDEA 1,RIEGO,4/6/2008,,8/10/2008,2008,5000,RC61_2008_1194,4
438,RC,NA,NA,CASANARE,YOPAL,ORQUIDEA 1,SECANO,4/16/2008,,8/20/2008,2008,5687,RC61_2008_1289,4
439,RC,NA,NA,CASANARE,YOPAL,ORQUIDEA 1,SECANO,4/16/2008,,8/20/2008,2008,5850,RC61_2008_1296,4
440,RC,NA,NA,CASANARE,YOPAL,ORQUIDEA 1,SECANO,4/18/2008,,8/22/2008,2008,5000,RC61_2008_1309,4
441,RC,NA,NA,CASANARE,YOPAL,ORQUIDEA 1,RIEGO,4/19/2008,,8/23/2008,2008,6625,RC61_2008_1322,4
442,RC,NA,NA,CASANARE,YOPAL,ORQUIDEA 1,SECANO,4/21/2008,,8/25/2008,2008,2815,RC61_2008_1341,4
443,RC,NA,NA,CASANARE,YOPAL,ORQUIDEA 1,SECANO,4/21/2008,,8/25/2008,2008,5937,RC61_2008_1344,4
444,RC,NA,NA,CASANARE,YOPAL,ORQUIDEA 1,RIEGO,4/29/2008,,9/2/2008,2008,4651,RC61_2008_1459,4
445,RC,NA,NA,CASANARE,YOPAL,ORQUIDEA 1,RIEGO,4/30/2008,,9/3/2008,2008,5831,RC61_2008_1461,4
446,RC,NA,NA,CASANARE,YOPAL,ORQUIDEA 1,RIEGO,5/2/2008,,9/5/2008,2008,6187,RC61_2008_1475,4
447,RC,NA,NA,CASANARE,YOPAL,ORQUIDEA 1,SECANO,5/9/2008,,9/12/2008,2008,5312,RC61_2008_1498,4
448,RC,NA,NA,CASANARE,YOPAL,ORQUIDEA 1,SECANO,5/9/2008,,9/12/2008,2008,5312,RC61_2008_1507,4
449,RC,NA,NA,CASANARE,YOPAL,ORQUIDEA 1,SECANO,5/12/2008,,9/15/2008,2008,4625,RC61_2008_1526,4
450,RC,NA,NA,CASANARE,YOPAL,ORQUIDEA 1,SECANO,5/12/2008,,9/15/2008,2008,5312,RC61_2008_1535,4
451,RC,NA,NA,CASANARE,YOPAL,ORQUIDEA 1,SECANO,5/17/2008,,9/20/2008,2008,5300,RC61_2008_1571,4
452,RC,NA,NA,CASANARE,YOPAL,ORQUIDEA 1,RIEGO,5/19/2008,,9/22/2008,2008,6300,RC61_2008_1580,4
453,RC,NA,NA,CASANARE,YOPAL,ORQUIDEA 1,SECANO,5/22/2008,,9/25/2008,2008,5200,RC61_2008_1601,4
454,RC,NA,NA,CASANARE,YOPAL,ORQUIDEA 1,SECANO,5/24/2008,,9/27/2008,2008,5150,RC61_2008_1612,4
455,RC,NA,NA,CASANARE,YOPAL,ORQUIDEA 1,SECANO,5/27/2008,,9/30/2008,2008,5150,RC61_2008_1639,4
456,RC,NA,NA,CASANARE,YOPAL,ORQUIDEA 1,SECANO,6/1/2008,,10/5/2008,2008,3125,RC61_2008_1693,4
457,RC,NA,NA,CASANARE,YOPAL,ORQUIDEA 1,RIEGO,6/4/2008,,10/8/2008,2008,3875,RC61_2008_1696,4
458,RC,NA,NA,CASANARE,YOPAL,ORQUIDEA 1,RIEGO,6/16/2008,,10/20/2008,2008,5930,RC61_2008_1741,4
459,RC,NA,NA,CASANARE,YOPAL,ORQUIDEA 1,SECANO,3/21/2009,,7/25/2009,2009,6000,RC61_2009_21730,5
460,RC,NA,NA,CASANARE,YOPAL,ORQUIDEA 1,RIEGO,4/1/2009,,8/5/2009,2009,6375,RC61_2009_21733,5
461,RC,NA,NA,CASANARE,YOPAL,ORQUIDEA 1,RIEGO,4/10/2009,,8/14/2009,2009,5250,RC61_2009_21742,5
462,RC,NA,NA,CASANARE,YOPAL,ORQUIDEA 1,SECANO,4/11/2009,,8/15/2009,2009,4062,RC61_2009_21743,5
463,RC,NA,NA,CASANARE,YOPAL,ORQUIDEA 1,RIEGO,5/17/2009,,9/20/2009,2009,4500,RC61_2009_21792,5
464,RC,NA,NA,CASANARE,YOPAL,ORQUIDEA 1,SECANO,3/21/2010,,7/25/2010,2010,6000,RC61_2010_7314,7
465,RC,NA,NA,CASANARE,YOPAL,ORQUIDEA 1,RIEGO,4/1/2010,,8/5/2010,2010,6375,RC61_2010_7465,7
466,RC,NA,NA,CASANARE,YOPAL,ORQUIDEA 1,RIEGO,4/10/2010,,8/14/2010,2010,5250,RC61_2010_7588,7
467,RC,NA,NA,CASANARE,YOPAL,ORQUIDEA 1,SECANO,4/11/2010,,8/15/2010,2010,4062,RC61_2010_7622,7
468,RC,NA,NA,CASANARE,YOPAL,ORQUIDEA 1,RIEGO,4/16/2010,,8/20/2010,2010,5312,RC61_2010_7703,7
469,RC,NA,NA,CASANARE,YOPAL,ORQUIDEA 1,RIEGO,4/26/2010,,8/30/2010,2010,5400,RC61_2010_7870,7
470,RC,NA,NA,CASANARE,YOPAL,ORQUIDEA 1,SECANO,4/28/2010,,9/1/2010,2010,5937,RC61_2010_7911,7
471,RC,NA,NA,CASANARE,YOPAL,ORQUIDEA 1,RIEGO,4/28/2010,,9/1/2010,2010,6875,RC61_2010_7908,7
472,RC,NA,NA,CASANARE,YOPAL,ORQUIDEA 1,SECANO,5/7/2010,,9/10/2010,2010,5938,RC61_2010_8069,7
473,RC,NA,NA,CASANARE,YOPAL,ORQUIDEA 1,RIEGO,5/7/2010,,9/10/2010,2010,6250,RC61_2010_8074,7
474,RC,NA,NA,CASANARE,YOPAL,ORQUIDEA 1,RIEGO,5/17/2010,,9/20/2010,2010,4500,RC61_2010_8215,7
475,RC,NA,NA,CASANARE,YOPAL,PANORAMA ,RIEGO,10/12/2012,,2/15/2013,2013,7563,RC61_2013_17083,6
476,RC,NA,NA,CASANARE,YOPAL,SAN JUAN,SECANO,4/9/2011,,8/13/2011,2011,4937,RC61_2011_11332,8
477,RC,NA,NA,CASANARE,YOPAL,SEMILLANO 250,RIEGO,11/26/2012,,4/1/2013,2013,5938,RC61_2013_17276,6
478,RC,NA,NA,CASANARE,YOPAL,TAILANDIA 3,RIEGO,4/6/2008,,8/10/2008,2008,6525,RC61_2008_1191,4
479,RC,NA,NA,CASANARE,YOPAL,TAILANDIA 3,RIEGO,4/24/2008,,8/28/2008,2008,4062,RC61_2008_1367,4
480,RC,NA,NA,CASANARE,YOPAL,TAILANDIA 3,RIEGO,5/17/2008,,9/20/2008,2008,4750,RC61_2008_1565,4
481,RC,NA,NA,CASANARE,YOPAL,TAILANDIA ORO,RIEGO,5/14/2008,,9/17/2008,2008,3750,RC61_2008_1544,4
482,RC,NA,NA,CASANARE,YOPAL,TAILANDIA ORO,RIEGO,11/9/2008,,3/15/2009,2009,5430,RC61_2009_21712,6
483,RC,NA,NA,CASANARE,YOPAL,TAILANDIA ORO,SECANO,6/6/2011,,10/10/2011,2011,4687.5,RC61_2011_11862,8
484,RC,NA,NA,CASANARE,YOPAL,ACD 2526,SECANO,3/15/2013,,7/19/2013,2013,3625,RC70_2013_12,10
485,RC,NA,NA,CASANARE,YOPAL,ACD 2526,SECANO,4/8/2013,,8/12/2013,2013,5000,RC70_2013_47,10
486,RC,NA,NA,CASANARE,YOPAL,ACD 2526,SECANO,4/11/2013,,8/15/2013,2013,4062.5,RC70_2013_55,10
487,RC,NA,NA,CASANARE,YOPAL,ACD 2526,SECANO,4/26/2013,,8/30/2013,2013,3750,RC70_2013_130,10
488,RC,NA,NA,CASANARE,YOPAL,ORYZICA 1,RIEGO,4/15/2013,,8/19/2013,2013,6062.5,RC70_2013_78,10
489,RC,NA,NA,CASANARE,YOPAL,ORYZICA 1,RIEGO,4/18/2013,,8/22/2013,2013,6375,RC70_2013_103,10
490,RC,NA,NA,CASANARE,YOPAL,ORYZICA 1,RIEGO,4/22/2013,,8/26/2013,2013,5500,RC70_2013_117,10
491,RC,NA,NA,CASANARE,YOPAL,BUNDE,RIEGO,11/8/2013,,3/14/2014,2014,7188,RC75_2014_5510,6
492,RC,NA,NA,CASANARE,YOPAL,BUNDE,SECANO,5/9/2014,,9/12/2014,2014,6125,RC75_2014_5759,3
493,RC,NA,NA,CASANARE,YOPAL,F174,RIEGO,8/14/2013,,12/18/2013,2013,5313,RC75_2013_5501,6
494,RC,NA,NA,CASANARE,YOPAL,F174,RIEGO,10/1/2013,,2/4/2014,2014,7813,RC75_2014_5506,6
495,RC,NA,NA,CASANARE,YOPAL,F174,RIEGO,10/3/2013,,2/6/2014,2014,7563,RC75_2014_5507,6
496,RC,NA,NA,CASANARE,YOPAL,F174,RIEGO,11/9/2013,,3/15/2014,2014,8785,RC75_2014_5484,6
497,RC,NA,NA,CASANARE,YOPAL,F174,RIEGO,11/19/2013,,3/25/2014,2014,3125,RC75_2014_5513,6
498,RC,NA,NA,CASANARE,YOPAL,F174,RIEGO,12/20/2013,,4/25/2014,2014,7474,RC75_2014_5495,9
499,RC,NA,NA,CASANARE,YOPAL,F174,SECANO,3/30/2014,,8/3/2014,2014,3250,RC75_2014_5728,3
500,RC,NA,NA,CASANARE,YOPAL,F174,SECANO,4/1/2014,,8/5/2014,2014,3438,RC75_2014_5730,3
501,RC,NA,NA,CASANARE,YOPAL,F174,SECANO,4/2/2014,,8/6/2014,2014,3750,RC75_2014_5731,3
502,RC,NA,NA,CASANARE,YOPAL,F174,RIEGO,4/11/2014,,8/15/2014,2014,3938,RC75_2014_5734,3
503,RC,NA,NA,CASANARE,YOPAL,F174,SECANO,4/11/2014,,8/15/2014,2014,4625,RC75_2014_5735,3
504,RC,NA,NA,CASANARE,YOPAL,F174,SECANO,4/11/2014,,8/15/2014,2014,5938,RC75_2014_5736,3
505,RC,NA,NA,CASANARE,YOPAL,F174,SECANO,4/16/2014,,8/20/2014,2014,5437,RC75_2014_5739,3
506,RC,NA,NA,CASANARE,YOPAL,F174,SECANO,4/19/2014,,8/23/2014,2014,4938,RC75_2014_5740,3
507,RC,NA,NA,CASANARE,YOPAL,F174,SECANO,4/21/2014,,8/25/2014,2014,4375,RC75_2014_5741,3
508,RC,NA,NA,CASANARE,YOPAL,F174,SECANO,4/22/2014,,8/26/2014,2014,4938,RC75_2014_5745,3
509,RC,NA,NA,CASANARE,YOPAL,F174,SECANO,4/24/2014,,8/28/2014,2014,5938,RC75_2014_5747,3
510,RC,NA,NA,CASANARE,YOPAL,F174,SECANO,4/26/2014,,8/30/2014,2014,4500,RC75_2014_5748,3
511,RC,NA,NA,CASANARE,YOPAL,F174,SECANO,5/1/2014,,9/4/2014,2014,2813,RC75_2014_5751,3
512,RC,NA,NA,CASANARE,YOPAL,F174,SECANO,5/7/2014,,9/10/2014,2014,5313,RC75_2014_5758,3
513,RC,NA,NA,CASANARE,YOPAL,F174,SECANO,5/7/2014,,9/10/2014,2014,5625,RC75_2014_5756,3
514,RC,NA,NA,CASANARE,YOPAL,F174,RIEGO,5/12/2014,,9/15/2014,2014,5875,RC75_2014_5763,3
515,RC,NA,NA,CASANARE,YOPAL,F174,SECANO,5/13/2014,,9/16/2014,2014,4688,RC75_2014_5765,3
516,RC,NA,NA,CASANARE,YOPAL,F174,SECANO,5/15/2014,,9/18/2014,2014,5750,RC75_2014_5767,3
517,RC,NA,NA,CASANARE,YOPAL,F174,SECANO,5/20/2014,,9/23/2014,2014,5000,RC75_2014_5771,3
518,RC,NA,NA,CASANARE,YOPAL,F174,SECANO,5/20/2014,,9/23/2014,2014,6125,RC75_2014_5770,3
519,RC,NA,NA,CASANARE,YOPAL,F174,RIEGO,5/22/2014,,9/25/2014,2014,4688,RC75_2014_5773,3
520,RC,NA,NA,CASANARE,YOPAL,F174,SECANO,5/22/2014,,9/25/2014,2014,6250,RC75_2014_5772,3
521,RC,NA,NA,CASANARE,YOPAL,F174,RIEGO,5/24/2014,,9/27/2014,2014,5313,RC75_2014_5775,3
522,RC,NA,NA,CASANARE,YOPAL,F174,SECANO,5/25/2014,,9/28/2014,2014,6125,RC75_2014_5777,3
523,RC,NA,NA,CASANARE,YOPAL,F174,SECANO,6/4/2014,,10/8/2014,2014,7188,RC75_2014_5778,3
524,RC,NA,NA,CASANARE,YOPAL,F174,SECANO,6/8/2014,,10/12/2014,2014,4875,RC75_2014_5779,3
525,RC,NA,NA,CASANARE,YOPAL,F174,SECANO,6/10/2014,,10/14/2014,2014,2500,RC75_2014_5782,3
526,RC,NA,NA,CASANARE,YOPAL,F174,SECANO,6/13/2014,,10/17/2014,2014,5313,RC75_2014_5786,3
527,RC,NA,NA,CASANARE,YOPAL,F174,SECANO,6/17/2014,,10/21/2014,2014,4375,RC75_2014_5789,3
528,RC,NA,NA,CASANARE,YOPAL,F174,SECANO,6/21/2014,,10/25/2014,2014,1875,RC75_2014_5792,3
529,RC,NA,NA,CASANARE,YOPAL,F174,SECANO,6/25/2014,,10/29/2014,2014,5250,RC75_2014_5794,3
530,RC,NA,NA,CASANARE,YOPAL,F174,SECANO,6/28/2014,,11/1/2014,2014,1875,RC75_2014_5795,3
531,RC,NA,NA,CASANARE,YOPAL,F2000,RIEGO,10/7/2013,,2/10/2014,2014,8125,RC75_2014_5508,6
532,RC,NA,NA,CASANARE,YOPAL,F2000,RIEGO,10/13/2013,,2/16/2014,2014,6438,RC75_2014_5509,6
533,RC,NA,NA,CASANARE,YOPAL,F2000,RIEGO,10/31/2013,,3/6/2014,2014,8438,RC75_2014_5485,6
534,RC,NA,NA,CASANARE,YOPAL,F2000,RIEGO,1/21/2014,,5/27/2014,2014,6250,RC75_2014_5521,9
535,RC,NA,NA,CASANARE,YOPAL,F2000,RIEGO,1/26/2014,,6/1/2014,2014,5812,RC75_2014_5523,9
536,RC,NA,NA,CASANARE,YOPAL,F2000,RIEGO,1/28/2014,,6/3/2014,2014,7187,RC75_2014_5522,9
537,RC,NA,NA,CASANARE,YOPAL,F2000,RIEGO,2/4/2014,,6/10/2014,2014,3437,RC75_2014_5725,9
538,RC,NA,NA,CASANARE,YOPAL,F2000,RIEGO,2/9/2014,,6/15/2014,2014,3375,RC75_2014_5726,9
539,RC,NA,NA,CASANARE,YOPAL,F2000,SECANO,3/28/2014,,8/1/2014,2014,3125,RC75_2014_5727,3
540,RC,NA,NA,CASANARE,YOPAL,F2000,SECANO,4/8/2014,,8/12/2014,2014,5313,RC75_2014_5732,3
541,RC,NA,NA,CASANARE,YOPAL,F2000,SECANO,4/23/2014,,8/27/2014,2014,3750,RC75_2014_5746,3
542,RC,NA,NA,CASANARE,YOPAL,F2000,SECANO,4/26/2014,,8/30/2014,2014,5625,RC75_2014_5749,3
543,RC,NA,NA,CASANARE,YOPAL,F2000,SECANO,4/29/2014,,9/2/2014,2014,4063,RC75_2014_5750,3
544,RC,NA,NA,CASANARE,YOPAL,F2000,SECANO,5/2/2014,,9/5/2014,2014,3750,RC75_2014_5753,3
545,RC,NA,NA,CASANARE,YOPAL,F2000,SECANO,5/4/2014,,9/7/2014,2014,4375,RC75_2014_5754,3
546,RC,NA,NA,CASANARE,YOPAL,F2000,SECANO,5/7/2014,,9/10/2014,2014,5750,RC75_2014_5757,3
547,RC,NA,NA,CASANARE,YOPAL,F2000,SECANO,5/11/2014,,9/14/2014,2014,3750,RC75_2014_5762,3
548,RC,NA,NA,CASANARE,YOPAL,F2000,SECANO,5/12/2014,,9/15/2014,2014,5625,RC75_2014_5764,3
549,RC,NA,NA,CASANARE,YOPAL,F2000,SECANO,5/15/2014,,9/18/2014,2014,5000,RC75_2014_5766,3
550,RC,NA,NA,CASANARE,YOPAL,F2000,SECANO,5/17/2014,,9/20/2014,2014,4250,RC75_2014_5768,3
551,RC,NA,NA,CASANARE,YOPAL,F2000,SECANO,5/24/2014,,9/27/2014,2014,5188,RC75_2014_5774,3
552,RC,NA,NA,CASANARE,YOPAL,F2000,SECANO,6/8/2014,,10/12/2014,2014,3438,RC75_2014_5780,3
553,RC,NA,NA,CASANARE,YOPAL,F2000,SECANO,6/8/2014,,10/12/2014,2014,4875,RC75_2014_5781,3
554,RC,NA,NA,CASANARE,YOPAL,F2000,SECANO,6/12/2014,,10/16/2014,2014,4375,RC75_2014_5785,3
555,RC,NA,NA,CASANARE,YOPAL,F2000,SECANO,6/16/2014,,10/20/2014,2014,4375,RC75_2014_5788,3
556,RC,NA,NA,CASANARE,YOPAL,F2000,SECANO,6/19/2014,,10/23/2014,2014,3750,RC75_2014_5790,3
557,RC,NA,NA,CASANARE,YOPAL,F2000,SECANO,6/20/2014,,10/24/2014,2014,4375,RC75_2014_5791,3
558,RC,NA,NA,CASANARE,YOPAL,F2000,SECANO,6/24/2014,,10/28/2014,2014,5438,RC75_2014_5793,3
559,RC,NA,NA,CASANARE,YOPAL,F2000,RIEGO,8/30/2014,,1/3/2015,2015,5750,RC75_2015_5833,1
560,RC,NA,NA,CASANARE,YOPAL,F2000,RIEGO,9/15/2014,,1/19/2015,2015,5437,RC75_2015_5834,1
561,RC,NA,NA,CASANARE,YOPAL,F2000,RIEGO,10/17/2014,,2/20/2015,2015,5250,RC75_2015_5832,1
562,RC,NA,NA,CASANARE,YOPAL,F733,RIEGO,8/30/2013,,1/3/2014,2014,2813,RC75_2014_5500,6
563,RC,NA,NA,CASANARE,YOPAL,F733,RIEGO,9/22/2013,,1/26/2014,2014,7000,RC75_2014_5502,6
564,RC,NA,NA,CASANARE,YOPAL,F733,RIEGO,9/24/2013,,1/28/2014,2014,7250,RC75_2014_5503,6
565,RC,NA,NA,CASANARE,YOPAL,F733,RIEGO,9/27/2013,,1/31/2014,2014,7063,RC75_2014_5504,6
566,RC,NA,NA,CASANARE,YOPAL,F733,RIEGO,9/28/2013,,2/1/2014,2014,7125,RC75_2014_5505,6
567,RC,NA,NA,CASANARE,YOPAL,F733,SECANO,3/31/2014,,8/4/2014,2014,5000,RC75_2014_5729,3
568,RC,NA,NA,CASANARE,YOPAL,F733,SECANO,4/10/2014,,8/14/2014,2014,4375,RC75_2014_5733,3
569,RC,NA,NA,CASANARE,YOPAL,F733,SECANO,4/16/2014,,8/20/2014,2014,4375,RC75_2014_5738,3
570,RC,NA,NA,CASANARE,YOPAL,F733,SECANO,4/16/2014,,8/20/2014,2014,4875,RC75_2014_5737,3
571,RC,NA,NA,CASANARE,YOPAL,F733,SECANO,4/21/2014,,8/25/2014,2014,3938,RC75_2014_5743,3
572,RC,NA,NA,CASANARE,YOPAL,F733,SECANO,4/21/2014,,8/25/2014,2014,4375,RC75_2014_5742,3
573,RC,NA,NA,CASANARE,YOPAL,F733,SECANO,4/21/2014,,8/25/2014,2014,5188,RC75_2014_5744,3
574,RC,NA,NA,CASANARE,YOPAL,F733,SECANO,5/2/2014,,9/5/2014,2014,5000,RC75_2014_5752,3
575,RC,NA,NA,CASANARE,YOPAL,F733,SECANO,5/9/2014,,9/12/2014,2014,5750,RC75_2014_5760,3
576,RC,NA,NA,CASANARE,YOPAL,F733,SECANO,5/20/2014,,9/23/2014,2014,2500,RC75_2014_5769,3
577,RC,NA,NA,CASANARE,YOPAL,F733,SECANO,5/24/2014,,9/27/2014,2014,3938,RC75_2014_5776,3
578,RC,NA,NA,CASANARE,YOPAL,F733,SECANO,6/11/2014,,10/15/2014,2014,3750,RC75_2014_5783,3
579,RC,NA,NA,CASANARE,YOPAL,F733,SECANO,6/16/2014,,10/20/2014,2014,3438,RC75_2014_5787,3
580,RC,NA,NA,CASANARE,YOPAL,F733,SECANO,8/11/2014,,12/15/2014,2014,2625,RC75_2014_5784,1
581,RC,NA,NA,CASANARE,YOPAL,LAGUNAS,RIEGO,11/2/2013,,3/8/2014,2014,6125,RC75_2014_5486,6
582,RC,NA,NA,CASANARE,YOPAL,LAGUNAS,SECANO,5/6/2014,,9/9/2014,2014,5188,RC75_2014_5755,3
583,RC,NA,NA,CASANARE,YOPAL,LAGUNAS,RIEGO,5/11/2014,,9/14/2014,2014,5313,RC75_2014_5761,3
584,RC,NA,NA,CASANARE,YOPAL,LAGUNAS,RIEGO,10/11/2014,,2/14/2015,2015,3437,RC75_2015_5835,1
585,RC,NA,NA,CASANARE,YOPAL,F174,SECANO,4/24/2013,,8/28/2013,2013,6268.75,RC77_2013_5,10
586,RC,NA,NA,CASANARE,YOPAL,F174,SECANO,5/7/2013,,9/10/2013,2013,5943.75,RC77_2013_9,10
587,RC,NA,NA,CASANARE,YOPAL,F174,SECANO,5/22/2013,,9/25/2013,2013,7212.5,RC77_2013_51,10
588,RC,NA,NA,CASANARE,YOPAL,F174,SECANO,6/3/2013,,10/7/2013,2013,5556.25,RC77_2013_13,10
589,RC,NA,NA,CASANARE,YOPAL,F174,SECANO,6/20/2013,,10/24/2013,2013,6093.75,RC77_2013_17,10
590,RC,NA,NA,CASANARE,YOPAL,F174,SECANO,7/10/2013,,11/13/2013,2013,2812,RC77_2013_21,10
591,RC,NA,NA,CASANARE,YOPAL,F174,SECANO,5/6/2014,,9/9/2014,2014,5537.5,RC77_2014_26,3
592,RC,NA,NA,CASANARE,YOPAL,F174,SECANO,6/3/2014,,10/7/2014,2014,5393.75,RC77_2014_44,3
593,RC,NA,NA,CASANARE,YOPAL,F174,SECANO,6/5/2014,,10/9/2014,2014,4781.25,RC77_2014_31,3
594,RC,NA,NA,CASANARE,YOPAL,F2000,SECANO,4/16/2013,,8/20/2013,2013,5362.5,RC77_2013_8,10
595,RC,NA,NA,CASANARE,YOPAL,F2000,SECANO,5/7/2013,,9/10/2013,2013,5293.75,RC77_2013_12,10
596,RC,NA,NA,CASANARE,YOPAL,F2000,SECANO,5/20/2013,,9/23/2013,2013,4850,RC77_2013_55,10
597,RC,NA,NA,CASANARE,YOPAL,F2000,SECANO,6/3/2013,,10/7/2013,2013,4774.38,RC77_2013_16,10
598,RC,NA,NA,CASANARE,YOPAL,F2000,SECANO,6/20/2013,,10/24/2013,2013,5637.5,RC77_2013_20,10
599,RC,NA,NA,CASANARE,YOPAL,F2000,SECANO,7/10/2013,,11/13/2013,2013,2812.5,RC77_2013_24,10
600,RC,NA,NA,CASANARE,YOPAL,F2000,SECANO,5/6/2014,,9/9/2014,2014,5687.5,RC77_2014_25,3
601,RC,NA,NA,CASANARE,YOPAL,F2000,SECANO,6/5/2014,,10/9/2014,2014,5043.75,RC77_2014_30,3
602,RC,NA,NA,CASANARE,YOPAL,F50,SECANO,4/24/2013,,8/28/2013,2013,5093.75,RC77_2013_6,10
603,RC,NA,NA,CASANARE,YOPAL,F50,SECANO,5/7/2013,,9/10/2013,2013,5540.63,RC77_2013_10,10
604,RC,NA,NA,CASANARE,YOPAL,F50,SECANO,6/3/2013,,10/7/2013,2013,6355,RC77_2013_14,10
605,RC,NA,NA,CASANARE,YOPAL,F50,SECANO,6/20/2013,,10/24/2013,2013,5312.5,RC77_2013_18,10
606,RC,NA,NA,CASANARE,YOPAL,F50,SECANO,7/10/2013,,11/13/2013,2013,2750,RC77_2013_22,10
607,RC,NA,NA,CASANARE,YOPAL,F60,SECANO,5/20/2013,,9/23/2013,2013,4862.5,RC77_2013_52,10
608,RC,NA,NA,CASANARE,YOPAL,F60,SECANO,6/3/2014,,10/7/2014,2014,4706.25,RC77_2014_43,3
609,RC,NA,NA,CASANARE,YOPAL,F67,SECANO,5/6/2014,,9/9/2014,2014,6181.25,RC77_2014_28,3
610,RC,NA,NA,CASANARE,YOPAL,F67,SECANO,6/3/2014,,10/7/2014,2014,5606.25,RC77_2014_45,3
611,RC,NA,NA,CASANARE,YOPAL,F67,SECANO,6/5/2014,,10/9/2014,2014,5625,RC77_2014_33,3
612,RC,NA,NA,CASANARE,YOPAL,F68,SECANO,5/15/2013,,9/18/2013,2013,5362.5,RC77_2013_54,10
613,RC,NA,NA,CASANARE,YOPAL,F68,SECANO,5/6/2014,,9/9/2014,2014,4162.5,RC77_2014_29,3
614,RC,NA,NA,CASANARE,YOPAL,F68,SECANO,5/24/2014,,9/27/2014,2014,4933.75,RC77_2014_46,3
615,RC,NA,NA,CASANARE,YOPAL,F68,SECANO,6/5/2014,,10/9/2014,2014,4750,RC77_2014_34,3
616,RC,NA,NA,CASANARE,YOPAL,F733,SECANO,4/24/2013,,8/28/2013,2013,5437.5,RC77_2013_7,10
617,RC,NA,NA,CASANARE,YOPAL,F733,SECANO,5/7/2013,,9/10/2013,2013,5296.88,RC77_2013_11,10
618,RC,NA,NA,CASANARE,YOPAL,F733,SECANO,5/22/2013,,9/25/2013,2013,5650,RC77_2013_53,10
619,RC,NA,NA,CASANARE,YOPAL,F733,SECANO,6/3/2013,,10/7/2013,2013,5998.75,RC77_2013_15,10
620,RC,NA,NA,CASANARE,YOPAL,F733,SECANO,6/20/2013,,10/24/2013,2013,6062.5,RC77_2013_19,10
621,RC,NA,NA,CASANARE,YOPAL,F733,SECANO,7/10/2013,,11/13/2013,2013,4500,RC77_2013_23,10
622,RC,NA,NA,CASANARE,YOPAL,F733,SECANO,5/6/2014,,9/9/2014,2014,4768.75,RC77_2014_27,3
623,RC,NA,NA,CASANARE,YOPAL,F733,SECANO,5/31/2014,,10/4/2014,2014,4218.75,RC77_2014_47,3
624,RC,NA,NA,CASANARE,YOPAL,F733,SECANO,6/5/2014,,10/9/2014,2014,4156.25,RC77_2014_32,3
625,RC,NA,NA,CASANARE,YOPAL,FDUMILA,SECANO,6/3/2014,,10/7/2014,2014,4491.25,RC77_2014_48,3
626,RC,NA,NA,CASANARE,YOPAL,FGAITANA,SECANO,6/3/2014,,10/7/2014,2014,5543.75,RC77_2014_49,3
627,RC,NA,NA,CASANARE,YOPAL,FTANA,SECANO,6/3/2014,,10/7/2014,2014,4947.5,RC77_2014_50,3
628,RC,NA,NA,CASANARE,YOPAL,COPROSEM,SECANO,4/6/2015,,8/10/2015,2015,5625,RC79_2015_70,2
629,RC,NA,NA,CASANARE,YOPAL,COPROSEM,SECANO,6/11/2015,,10/15/2015,2015,6000,RC79_2015_438,2
630,RC,NA,NA,CASANARE,YOPAL,F174,SECANO,12/20/2014,,4/25/2015,2015,6250,RC79_2015_11,1
631,RC,NA,NA,CASANARE,YOPAL,F174,SECANO,3/28/2015,,8/1/2015,2015,4101,RC79_2015_41,2
632,RC,NA,NA,CASANARE,YOPAL,F174,SECANO,3/29/2015,,8/2/2015,2015,6250,RC79_2015_45,2
633,RC,NA,NA,CASANARE,YOPAL,F174,SECANO,4/6/2015,,8/10/2015,2015,3437.5,RC79_2015_71,2
634,RC,NA,NA,CASANARE,YOPAL,F174,RIEGO,4/9/2015,,8/13/2015,2015,4563,RC79_2015_92,2
635,RC,NA,NA,CASANARE,YOPAL,F174,SECANO,4/9/2015,,8/13/2015,2015,5000,RC79_2015_91,2
636,RC,NA,NA,CASANARE,YOPAL,F174,SECANO,4/11/2015,,8/15/2015,2015,2284,RC79_2015_110,2
637,RC,NA,NA,CASANARE,YOPAL,F174,RIEGO,4/11/2015,,8/15/2015,2015,6625,RC79_2015_101,2
638,RC,NA,NA,CASANARE,YOPAL,F174,SECANO,4/13/2015,,8/17/2015,2015,4187,RC79_2015_118,2
639,RC,NA,NA,CASANARE,YOPAL,F174,SECANO,4/16/2015,,8/20/2015,2015,4625,RC79_2015_135,2
640,RC,NA,NA,CASANARE,YOPAL,F174,SECANO,4/18/2015,,8/22/2015,2015,4625,RC79_2015_147,2
641,RC,NA,NA,CASANARE,YOPAL,F174,SECANO,4/21/2015,,8/25/2015,2015,5375,RC79_2015_164,2
642,RC,NA,NA,CASANARE,YOPAL,F174,SECANO,4/24/2015,,8/28/2015,2015,5000,RC79_2015_182,2
643,RC,NA,NA,CASANARE,YOPAL,F174,SECANO,4/24/2015,,8/28/2015,2015,5937,RC79_2015_180,2
644,RC,NA,NA,CASANARE,YOPAL,F174,SECANO,4/28/2015,,9/1/2015,2015,4558,RC79_2015_200,2
645,RC,NA,NA,CASANARE,YOPAL,F174,SECANO,4/28/2015,,9/1/2015,2015,4875,RC79_2015_197,2
646,RC,NA,NA,CASANARE,YOPAL,F174,SECANO,5/2/2015,,9/5/2015,2015,3750,RC79_2015_221,2
647,RC,NA,NA,CASANARE,YOPAL,F174,SECANO,5/2/2015,,9/5/2015,2015,4687.5,RC79_2015_219,2
648,RC,NA,NA,CASANARE,YOPAL,F174,SECANO,5/6/2015,,9/9/2015,2015,5091.09589,RC79_2015_243,2
649,RC,NA,NA,CASANARE,YOPAL,F174,RIEGO,5/7/2015,,9/10/2015,2015,4187.5,RC79_2015_262,2
650,RC,NA,NA,CASANARE,YOPAL,F174,SECANO,5/7/2015,,9/10/2015,2015,4868.75,RC79_2015_258,2
651,RC,NA,NA,CASANARE,YOPAL,F174,SECANO,5/12/2015,,9/15/2015,2015,6410,RC79_2015_289,2
652,RC,NA,NA,CASANARE,YOPAL,F174,SECANO,5/14/2015,,9/17/2015,2015,6562,RC79_2015_301,2
653,RC,NA,NA,CASANARE,YOPAL,F174,SECANO,5/15/2015,,9/18/2015,2015,5159.375,RC79_2015_307,2
654,RC,NA,NA,CASANARE,YOPAL,F174,RIEGO,5/16/2015,,9/19/2015,2015,4047,RC79_2015_313,2
655,RC,NA,NA,CASANARE,YOPAL,F174,SECANO,5/16/2015,,9/19/2015,2015,4754.027778,RC79_2015_312,2
656,RC,NA,NA,CASANARE,YOPAL,F174,SECANO,5/17/2015,,9/20/2015,2015,5000,RC79_2015_330,2
657,RC,NA,NA,CASANARE,YOPAL,F174,SECANO,5/18/2015,,9/21/2015,2015,3406.5,RC79_2015_338,2
658,RC,NA,NA,CASANARE,YOPAL,F174,SECANO,5/19/2015,,9/22/2015,2015,6750,RC79_2015_341,2
659,RC,NA,NA,CASANARE,YOPAL,F174,RIEGO,5/20/2015,,9/23/2015,2015,5625,RC79_2015_348,2
660,RC,NA,NA,CASANARE,YOPAL,F174,SECANO,5/21/2015,,9/24/2015,2015,4625,RC79_2015_356,2
661,RC,NA,NA,CASANARE,YOPAL,F174,SECANO,5/21/2015,,9/24/2015,2015,5687.5,RC79_2015_355,2
662,RC,NA,NA,CASANARE,YOPAL,F174,SECANO,5/22/2015,,9/25/2015,2015,4800,RC79_2015_365,2
663,RC,NA,NA,CASANARE,YOPAL,F174,SECANO,5/22/2015,,9/25/2015,2015,5073.229167,RC79_2015_364,2
664,RC,NA,NA,CASANARE,YOPAL,F174,SECANO,5/24/2015,,9/27/2015,2015,3817.3125,RC79_2015_374,2
665,RC,NA,NA,CASANARE,YOPAL,F174,SECANO,5/25/2015,,9/28/2015,2015,4800,RC79_2015_377,2
666,RC,NA,NA,CASANARE,YOPAL,F174,SECANO,5/29/2015,,10/2/2015,2015,5816.25,RC79_2015_397,2
667,RC,NA,NA,CASANARE,YOPAL,F174,SECANO,5/30/2015,,10/3/2015,2015,5312.5,RC79_2015_403,2
668,RC,NA,NA,CASANARE,YOPAL,F174,SECANO,6/11/2015,,10/15/2015,2015,2812.5,RC79_2015_443,2
669,RC,NA,NA,CASANARE,YOPAL,F174,RIEGO,6/11/2015,,10/15/2015,2015,5812.5,RC79_2015_439,2
670,RC,NA,NA,CASANARE,YOPAL,F174,SECANO,6/16/2015,,10/20/2015,2015,3750,RC79_2015_449,2
671,RC,NA,NA,CASANARE,YOPAL,F174,SECANO,6/28/2015,,11/1/2015,2015,5887.1875,RC79_2015_466,2
672,RC,NA,NA,CASANARE,YOPAL,F174,SECANO,7/8/2015,,11/11/2015,2015,3308.4375,RC79_2015_474,2
673,RC,NA,NA,CASANARE,YOPAL,F174,Riego,10/29/2015,,3/3/2016,2016,5625,RC79_2016_522,6
674,RC,NA,NA,CASANARE,YOPAL,F2000,RIEGO,3/17/2015,,7/21/2015,2015,5917,RC79_2015_26,2
675,RC,NA,NA,CASANARE,YOPAL,F2000,0,4/2/2015,,8/6/2015,2015,5937.5,RC79_2015_54,2
676,RC,NA,NA,CASANARE,YOPAL,F2000,RIEGO,4/16/2015,,8/20/2015,2015,6875,RC79_2015_127,2
677,RC,NA,NA,CASANARE,YOPAL,F2000,SECANO,4/21/2015,,8/25/2015,2015,6125,RC79_2015_158,2
678,RC,NA,NA,CASANARE,YOPAL,F2000,SECANO,4/24/2015,,8/28/2015,2015,4687,RC79_2015_183,2
679,RC,NA,NA,CASANARE,YOPAL,F2000,SECANO,4/26/2015,,8/30/2015,2015,5062.5,RC79_2015_189,2
680,RC,NA,NA,CASANARE,YOPAL,F2000,RIEGO,4/26/2015,,8/30/2015,2015,5760,RC79_2015_188,2
681,RC,NA,NA,CASANARE,YOPAL,F2000,RIEGO,5/2/2015,,9/5/2015,2015,5468,RC79_2015_217,2
682,RC,NA,NA,CASANARE,YOPAL,F2000,SECANO,5/4/2015,,9/7/2015,2015,5001.86619,RC79_2015_231,2
683,RC,NA,NA,CASANARE,YOPAL,F2000,SECANO,5/5/2015,,9/8/2015,2015,4355,RC79_2015_236,2
684,RC,NA,NA,CASANARE,YOPAL,F2000,SECANO,5/6/2015,,9/9/2015,2015,4687,RC79_2015_244,2
685,RC,NA,NA,CASANARE,YOPAL,F2000,SECANO,5/7/2015,,9/10/2015,2015,5625,RC79_2015_255,2
686,RC,NA,NA,CASANARE,YOPAL,F2000,SECANO,5/12/2015,,9/15/2015,2015,4375,RC79_2015_294,2
687,RC,NA,NA,CASANARE,YOPAL,F2000,SECANO,5/13/2015,,9/16/2015,2015,5458.75,RC79_2015_296,2
688,RC,NA,NA,CASANARE,YOPAL,F2000,SECANO,5/14/2015,,9/17/2015,2015,4612.5,RC79_2015_302,2
689,RC,NA,NA,CASANARE,YOPAL,F2000,SECANO,5/16/2015,,9/19/2015,2015,2997.333333,RC79_2015_314,2
690,RC,NA,NA,CASANARE,YOPAL,F2000,SECANO,5/20/2015,,9/23/2015,2015,4200,RC79_2015_351,2
691,RC,NA,NA,CASANARE,YOPAL,F2000,SECANO,5/20/2015,,9/23/2015,2015,NA,RC79_2015_352,2
692,RC,NA,NA,CASANARE,YOPAL,F2000,SECANO,5/22/2015,,9/25/2015,2015,3715.5,RC79_2015_366,2
693,RC,NA,NA,CASANARE,YOPAL,F2000,SECANO,5/22/2015,,9/25/2015,2015,6250,RC79_2015_360,2
694,RC,NA,NA,CASANARE,YOPAL,F2000,SECANO,5/27/2015,,9/30/2015,2015,4775.625,RC79_2015_390,2
695,RC,NA,NA,CASANARE,YOPAL,F2000,RIEGO,6/1/2015,,10/5/2015,2015,6375,RC79_2015_409,2
696,RC,NA,NA,CASANARE,YOPAL,F2000,SECANO,6/2/2015,,10/6/2015,2015,4687.5,RC79_2015_419,2
697,RC,NA,NA,CASANARE,YOPAL,F2000,SECANO,6/8/2015,,10/12/2015,2015,5812.5,RC79_2015_433,2
698,RC,NA,NA,CASANARE,YOPAL,F2000,RIEGO,6/9/2015,,10/13/2015,2015,6223,RC79_2015_435,2
699,RC,NA,NA,CASANARE,YOPAL,F2000,RIEGO,6/11/2015,,10/15/2015,2015,6125,RC79_2015_437,2
700,RC,NA,NA,CASANARE,YOPAL,F2000,SECANO,6/18/2015,,10/22/2015,2015,5250,RC79_2015_451,2
701,RC,NA,NA,CASANARE,YOPAL,F2000,SECANO,6/26/2015,,10/30/2015,2015,5786.25,RC79_2015_463,2
702,RC,NA,NA,CASANARE,YOPAL,F2000,SECANO,7/6/2015,,11/9/2015,2015,2980.416667,RC79_2015_472,2
703,RC,NA,NA,CASANARE,YOPAL,F2000,Riego,8/30/2015,,1/3/2016,2016,7500,RC79_2016_530,6
704,RC,NA,NA,CASANARE,YOPAL,F2000,Riego,10/7/2015,,2/10/2016,2016,9375,RC79_2016_534,6
705,RC,NA,NA,CASANARE,YOPAL,F2000,Riego,10/9/2015,,2/12/2016,2016,8125,RC79_2016_535,6
706,RC,NA,NA,CASANARE,YOPAL,F2000,Riego,10/12/2015,,2/15/2016,2016,7625,RC79_2016_538,6
707,RC,NA,NA,CASANARE,YOPAL,F2000,Riego,10/17/2015,,2/20/2016,2016,7437,RC79_2016_536,6
708,RC,NA,NA,CASANARE,YOPAL,F2000,Riego,10/19/2015,,2/22/2016,2016,8125,RC79_2016_537,6
709,RC,NA,NA,CASANARE,YOPAL,F2000,Riego,11/7/2015,,3/12/2016,2016,6875,RC79_2016_519,6
710,RC,NA,NA,CASANARE,YOPAL,F67,SECANO,5/6/2015,,9/9/2015,2015,4677.054795,RC79_2015_245,2
711,RC,NA,NA,CASANARE,YOPAL,F67,SECANO,5/6/2015,,9/9/2015,2015,5277.35,RC79_2015_242,2
712,RC,NA,NA,CASANARE,YOPAL,F67,SECANO,5/7/2015,,9/10/2015,2015,5791.25,RC79_2015_254,2
713,RC,NA,NA,CASANARE,YOPAL,F67,SECANO,5/15/2015,,9/18/2015,2015,6685.625,RC79_2015_304,2
714,RC,NA,NA,CASANARE,YOPAL,F67,SECANO,5/18/2015,,9/21/2015,2015,3540.75,RC79_2015_337,2
715,RC,NA,NA,CASANARE,YOPAL,F67,SECANO,5/24/2015,,9/27/2015,2015,4865.25,RC79_2015_373,2
716,RC,NA,NA,CASANARE,YOPAL,F67,SECANO,5/29/2015,,10/2/2015,2015,4800,RC79_2015_399,2
717,RC,NA,NA,CASANARE,YOPAL,F67,SECANO,5/29/2015,,10/2/2015,2015,4920.625,RC79_2015_398,2
718,RC,NA,NA,CASANARE,YOPAL,F67,SECANO,6/28/2015,,11/1/2015,2015,6201.25,RC79_2015_465,2
719,RC,NA,NA,CASANARE,YOPAL,F67,SECANO,7/8/2015,,11/11/2015,2015,3418.75,RC79_2015_473,2
720,RC,NA,NA,CASANARE,YOPAL,F67,RIEGO,9/16/2015,,1/20/2016,2016,5353,RC79_2016_548,6
721,RC,NA,NA,CASANARE,YOPAL,F67,RIEGO,9/19/2015,,1/23/2016,2016,8750,RC79_2016_531,6
722,RC,NA,NA,CASANARE,YOPAL,F67,RIEGO,10/9/2015,,2/12/2016,2016,7000,RC79_2016_518,6
723,RC,NA,NA,CASANARE,YOPAL,F68,Riego,9/24/2014,,1/28/2015,2015,6250,RC79_2015_542,1
724,RC,NA,NA,CASANARE,YOPAL,F68,RIEGO,3/17/2015,,7/21/2015,2015,5969,RC79_2015_25,2
725,RC,NA,NA,CASANARE,YOPAL,F68,0,3/30/2015,,8/3/2015,2015,5437.5,RC79_2015_47,2
726,RC,NA,NA,CASANARE,YOPAL,F68,SECANO,4/16/2015,,8/20/2015,2015,3625,RC79_2015_138,2
727,RC,NA,NA,CASANARE,YOPAL,F68,SECANO,4/16/2015,,8/20/2015,2015,6562.5,RC79_2015_129,2
728,RC,NA,NA,CASANARE,YOPAL,F68,RIEGO,4/21/2015,,8/25/2015,2015,5466,RC79_2015_163,2
729,RC,NA,NA,CASANARE,YOPAL,F68,SECANO,4/23/2015,,8/27/2015,2015,5956.533193,RC79_2015_172,2
730,RC,NA,NA,CASANARE,YOPAL,F68,SECANO,4/24/2015,,8/28/2015,2015,5110,RC79_2015_181,2
731,RC,NA,NA,CASANARE,YOPAL,F68,SECANO,4/30/2015,,9/3/2015,2015,4568,RC79_2015_207,2
732,RC,NA,NA,CASANARE,YOPAL,F68,SECANO,5/2/2015,,9/5/2015,2015,4800,RC79_2015_218,2
733,RC,NA,NA,CASANARE,YOPAL,F68,SECANO,5/2/2015,,9/5/2015,2015,5616.25,RC79_2015_216,2
734,RC,NA,NA,CASANARE,YOPAL,F68,SECANO,5/2/2015,,9/5/2015,2015,5687.7,RC79_2015_215,2
735,RC,NA,NA,CASANARE,YOPAL,F68,SECANO,5/3/2015,,9/6/2015,2015,5354.375,RC79_2015_229,2
736,RC,NA,NA,CASANARE,YOPAL,F68,SECANO,5/5/2015,,9/8/2015,2015,3622.833333,RC79_2015_237,2
737,RC,NA,NA,CASANARE,YOPAL,F68,SECANO,5/7/2015,,9/10/2015,2015,4875,RC79_2015_257,2
738,RC,NA,NA,CASANARE,YOPAL,F68,SECANO,5/9/2015,,9/12/2015,2015,4950.384615,RC79_2015_275,2
739,RC,NA,NA,CASANARE,YOPAL,F68,SECANO,5/11/2015,,9/14/2015,2015,3432.5,RC79_2015_283,2
740,RC,NA,NA,CASANARE,YOPAL,F68,SECANO,5/16/2015,,9/19/2015,2015,4783.680556,RC79_2015_311,2
741,RC,NA,NA,CASANARE,YOPAL,F68,SECANO,5/22/2015,,9/25/2015,2015,5937.5,RC79_2015_361,2
742,RC,NA,NA,CASANARE,YOPAL,F68,SECANO,5/27/2015,,9/30/2015,2015,6625,RC79_2015_385,2
743,RC,NA,NA,CASANARE,YOPAL,F68,SECANO,6/1/2015,,10/5/2015,2015,2875,RC79_2015_417,2
744,RC,NA,NA,CASANARE,YOPAL,F68,SECANO,6/6/2015,,10/10/2015,2015,2825,RC79_2015_431,2
745,RC,NA,NA,CASANARE,YOPAL,F68,SECANO,6/8/2015,,10/12/2015,2015,4062.5,RC79_2015_434,2
746,RC,NA,NA,CASANARE,YOPAL,F68,SECANO,6/11/2015,,10/15/2015,2015,5625,RC79_2015_441,2
747,RC,NA,NA,CASANARE,YOPAL,F68,Secano,6/13/2015,,10/17/2015,2015,4187.5,RC79_2015_507,2
748,RC,NA,NA,CASANARE,YOPAL,F68,SECANO,6/15/2015,,10/19/2015,2015,5172.5,RC79_2015_446,2
749,RC,NA,NA,CASANARE,YOPAL,F68,SECANO,6/19/2015,,10/23/2015,2015,3156.25,RC79_2015_455,2
750,RC,NA,NA,CASANARE,YOPAL,F68,SECANO,6/19/2015,,10/23/2015,2015,5625,RC79_2015_454,2
751,RC,NA,NA,CASANARE,YOPAL,F68,SECANO,6/20/2015,,10/24/2015,2015,3156.25,RC79_2015_456,2
752,RC,NA,NA,CASANARE,YOPAL,F68,Secano,6/23/2015,,10/27/2015,2015,3062.5,RC79_2015_506,2
753,RC,NA,NA,CASANARE,YOPAL,F68,SECANO,6/25/2015,,10/29/2015,2015,3532.5,RC79_2015_462,2
754,RC,NA,NA,CASANARE,YOPAL,F68,Riego,9/16/2015,,1/20/2016,2016,6875,RC79_2016_532,6
755,RC,NA,NA,CASANARE,YOPAL,F68,Riego,9/18/2015,,1/22/2016,2016,4949,RC79_2016_547,6
756,RC,NA,NA,CASANARE,YOPAL,F68,Riego,9/26/2015,,1/30/2016,2016,3565,RC79_2016_546,6
757,RC,NA,NA,CASANARE,YOPAL,F68,Riego,9/26/2015,,1/30/2016,2016,4047,RC79_2016_545,6
758,RC,NA,NA,CASANARE,YOPAL,F68,Riego,9/28/2015,,2/1/2016,2016,4195,RC79_2016_544,6
759,RC,NA,NA,CASANARE,YOPAL,F733,SECANO,5/7/2015,,9/10/2015,2015,4506.875,RC79_2015_259,2
760,RC,NA,NA,CASANARE,YOPAL,F733,SECANO,5/15/2015,,9/18/2015,2015,4861.5625,RC79_2015_308,2
761,RC,NA,NA,CASANARE,YOPAL,F733,SECANO,5/29/2015,,10/2/2015,2015,4441.875,RC79_2015_400,2
762,RC,NA,NA,CASANARE,YOPAL,F733,SECANO,6/28/2015,,11/1/2015,2015,5453.75,RC79_2015_467,2
763,RC,NA,NA,CASANARE,YOPAL,F733,SECANO,7/8/2015,,11/11/2015,2015,2740,RC79_2015_475,2
764,RC,NA,NA,CASANARE,YOPAL,ORYZICA 1,SECANO,5/17/2015,,9/20/2015,2015,6875,RC79_2015_317,2
765,RC,NA,NA,CASANARE,YOPAL,PAYARA,SECANO,5/22/2015,,9/25/2015,2015,2500,RC79_2015_367,2
766,RC,NA,NA,CASANARE,YOPAL,SD 20A,SECANO,5/22/2015,,9/25/2015,2015,2500,RC79_2015_368,2
767,RC,NA,NA,CASANARE,YOPAL,SEMILLA HUILA SH01,SECANO,5/19/2015,,9/22/2015,2015,6125,RC79_2015_342,2
768,RC,NA,NA,CASANARE,YOPAL,TAILANDIA ORO,Riego,9/28/2015,,2/1/2016,2016,5937.5,RC79_2016_520,6
769,RC,NA,NA,CASANARE,YOPAL,VICTORIA,SECANO,6/11/2015,,10/15/2015,2015,5750,RC79_2015_440,2
770,RC,NA,NA,CASANARE,YOPAL,VICTORIA,Riego,9/22/2015,,1/26/2016,2016,6944,RC79_2016_533,6
771,RC,NA,NA,CASANARE,YOPAL,VICTORIA,Riego,10/2/2015,,2/5/2016,2016,8125,RC79_2016_539,6
772,RC,NA,NA,CASANARE,YOPAL,VICTORIA,Riego,10/25/2015,,2/28/2016,2016,6125,RC79_2016_521,6
773,RC,NA,NA,CASANARE,YOPAL,F174,SECANO,4/24/2012,,8/28/2012,2012,5957,RC80_2012_1597,2
774,RC,NA,NA,CASANARE,YOPAL,F174,SECANO,4/29/2012,,9/2/2012,2012,5044,RC80_2012_1598,2
775,RC,NA,NA,CASANARE,YOPAL,F174,RIEGO,9/22/2013,,1/26/2014,2014,5625,RC80_2014_8052,6
776,RC,NA,NA,CASANARE,YOPAL,F174,SECANO,4/6/2015,,8/10/2015,2015,3438,RC80_2015_8454,2
777,RC,NA,NA,CASANARE,YOPAL,F174,SECANO,4/28/2015,,9/1/2015,2015,4558,RC80_2015_8577,2
778,RC,NA,NA,CASANARE,YOPAL,F174,SECANO,5/2/2015,,9/5/2015,2015,4688,RC80_2015_8596,2
779,RC,NA,NA,CASANARE,YOPAL,F174,SECANO,5/6/2015,,9/9/2015,2015,5091,RC80_2015_8619,2
780,RC,NA,NA,CASANARE,YOPAL,F174,RIEGO,5/7/2015,,9/10/2015,2015,4188,RC80_2015_8638,2
781,RC,NA,NA,CASANARE,YOPAL,F174,SECANO,5/7/2015,,9/10/2015,2015,4869,RC80_2015_8634,2
782,RC,NA,NA,CASANARE,YOPAL,F174,SECANO,5/15/2015,,9/18/2015,2015,5159,RC80_2015_8680,2
783,RC,NA,NA,CASANARE,YOPAL,F174,SECANO,5/16/2015,,9/19/2015,2015,4754,RC80_2015_8684,2
784,RC,NA,NA,CASANARE,YOPAL,F174,SECANO,5/18/2015,,9/21/2015,2015,3407,RC80_2015_8712,2
785,RC,NA,NA,CASANARE,YOPAL,F174,SECANO,5/21/2015,,9/24/2015,2015,5688,RC80_2015_8727,2
786,RC,NA,NA,CASANARE,YOPAL,F174,SECANO,5/22/2015,,9/25/2015,2015,5073,RC80_2015_8736,2
787,RC,NA,NA,CASANARE,YOPAL,F174,SECANO,5/24/2015,,9/27/2015,2015,3817,RC80_2015_8745,2
788,RC,NA,NA,CASANARE,YOPAL,F174,SECANO,5/29/2015,,10/2/2015,2015,5816,RC80_2015_8766,2
789,RC,NA,NA,CASANARE,YOPAL,F174,SECANO,5/30/2015,,10/3/2015,2015,5313,RC80_2015_8770,2
790,RC,NA,NA,CASANARE,YOPAL,F174,SECANO,6/11/2015,,10/15/2015,2015,2813,RC80_2015_8808,2
791,RC,NA,NA,CASANARE,YOPAL,F174,RIEGO,6/11/2015,,10/15/2015,2015,5813,RC80_2015_8804,2
792,RC,NA,NA,CASANARE,YOPAL,F174,SECANO,6/21/2015,,10/25/2015,2015,3156,RC80_2015_8822,2
793,RC,NA,NA,CASANARE,YOPAL,F174,SECANO,6/28/2015,,11/1/2015,2015,5857,RC80_2015_8832,2
794,RC,NA,NA,CASANARE,YOPAL,F174,SECANO,7/8/2015,,11/11/2015,2015,3308,RC80_2015_8841,2
795,RC,NA,NA,CASANARE,YOPAL,F2000,RIEGO,9/10/2014,,1/14/2015,2015,4438,RC80_2015_8382,1
796,RC,NA,NA,CASANARE,YOPAL,F2000,RIEGO,9/11/2014,,1/15/2015,2015,5313,RC80_2015_8381,1
797,RC,NA,NA,CASANARE,YOPAL,F2000,RIEGO,10/18/2014,,2/21/2015,2015,5875,RC80_2015_8384,1
798,RC,NA,NA,CASANARE,YOPAL,F2000,SECANO,4/16/2015,,8/20/2015,2015,4652,RC80_2015_8516,2
799,RC,NA,NA,CASANARE,YOPAL,F2000,SECANO,4/26/2015,,8/30/2015,2015,5062,RC80_2015_8566,2
800,RC,NA,NA,CASANARE,YOPAL,F2000,SECANO,5/4/2015,,9/7/2015,2015,5002,RC80_2015_8608,2
801,RC,NA,NA,CASANARE,YOPAL,F2000,SECANO,5/13/2015,,9/16/2015,2015,5459,RC80_2015_8668,2
802,RC,NA,NA,CASANARE,YOPAL,F2000,SECANO,5/14/2015,,9/17/2015,2015,4613,RC80_2015_8674,2
803,RC,NA,NA,CASANARE,YOPAL,F2000,SECANO,5/16/2015,,9/19/2015,2015,2997,RC80_2015_8686,2
804,RC,NA,NA,CASANARE,YOPAL,F2000,SECANO,5/22/2015,,9/25/2015,2015,3716,RC80_2015_8738,2
805,RC,NA,NA,CASANARE,YOPAL,F2000,SECANO,5/27/2015,,9/30/2015,2015,4776,RC80_2015_8760,2
806,RC,NA,NA,CASANARE,YOPAL,F2000,SECANO,6/2/2015,,10/6/2015,2015,4688,RC80_2015_8784,2
807,RC,NA,NA,CASANARE,YOPAL,F2000,SECANO,6/8/2015,,10/12/2015,2015,5813,RC80_2015_8798,2
808,RC,NA,NA,CASANARE,YOPAL,F2000,RIEGO,6/11/2015,,10/15/2015,2015,NA,RC80_2015_8802,2
809,RC,NA,NA,CASANARE,YOPAL,F2000,SECANO,6/26/2015,,10/30/2015,2015,5786,RC80_2015_8829,2
810,RC,NA,NA,CASANARE,YOPAL,F2000,SECANO,7/8/2015,,11/11/2015,2015,2980,RC80_2015_8837,2
811,RC,NA,NA,CASANARE,YOPAL,F67,SECANO,5/6/2015,,9/9/2015,2015,4677,RC80_2015_8621,2
812,RC,NA,NA,CASANARE,YOPAL,F67,SECANO,5/6/2015,,9/9/2015,2015,5277,RC80_2015_8618,2
813,RC,NA,NA,CASANARE,YOPAL,F67,SECANO,5/7/2015,,9/10/2015,2015,5791,RC80_2015_8630,2
814,RC,NA,NA,CASANARE,YOPAL,F67,SECANO,5/15/2015,,9/18/2015,2015,6686,RC80_2015_8676,2
815,RC,NA,NA,CASANARE,YOPAL,F67,SECANO,5/18/2015,,9/21/2015,2015,3541,RC80_2015_8710,2
816,RC,NA,NA,CASANARE,YOPAL,F67,SECANO,5/24/2015,,9/27/2015,2015,4865,RC80_2015_8744,2
817,RC,NA,NA,CASANARE,YOPAL,F67,SECANO,6/28/2015,,11/1/2015,2015,6201,RC80_2015_8830,2
818,RC,NA,NA,CASANARE,YOPAL,F67,SECANO,7/8/2015,,11/11/2015,2015,3419,RC80_2015_8842,2
819,RC,NA,NA,CASANARE,YOPAL,F68,RIEGO,3/30/2015,,8/3/2015,2015,5438,RC80_2015_8433,2
820,RC,NA,NA,CASANARE,YOPAL,F68,SECANO,4/16/2015,,8/20/2015,2015,6563,RC80_2015_8510,2
821,RC,NA,NA,CASANARE,YOPAL,F68,SECANO,4/23/2015,,8/27/2015,2015,5957,RC80_2015_8548,2
822,RC,NA,NA,CASANARE,YOPAL,F68,SECANO,5/2/2015,,9/5/2015,2015,5616,RC80_2015_8593,2
823,RC,NA,NA,CASANARE,YOPAL,F68,SECANO,5/2/2015,,9/5/2015,2015,5688,RC80_2015_8592,2
824,RC,NA,NA,CASANARE,YOPAL,F68,SECANO,5/3/2015,,9/6/2015,2015,5354,RC80_2015_8606,2
825,RC,NA,NA,CASANARE,YOPAL,F68,SECANO,5/5/2015,,9/8/2015,2015,3623,RC80_2015_8614,2
826,RC,NA,NA,CASANARE,YOPAL,F68,SECANO,5/9/2015,,9/12/2015,2015,4950,RC80_2015_8650,2
827,RC,NA,NA,CASANARE,YOPAL,F68,SECANO,5/11/2015,,9/14/2015,2015,3433,RC80_2015_8656,2
828,RC,NA,NA,CASANARE,YOPAL,F68,SECANO,5/16/2015,,9/19/2015,2015,4784,RC80_2015_8683,2
829,RC,NA,NA,CASANARE,YOPAL,F68,SECANO,5/22/2015,,9/25/2015,2015,5938,RC80_2015_8733,2
830,RC,NA,NA,CASANARE,YOPAL,F68,SECANO,6/8/2015,,10/12/2015,2015,4063,RC80_2015_8799,2
831,RC,NA,NA,CASANARE,YOPAL,F68,SECANO,6/13/2015,,10/17/2015,2015,4188,RC80_2015_8871,2
832,RC,NA,NA,CASANARE,YOPAL,F68,SECANO,6/15/2015,,10/19/2015,2015,5173,RC80_2015_8811,2
833,RC,NA,NA,CASANARE,YOPAL,F68,SECANO,6/19/2015,,10/23/2015,2015,3456,RC80_2015_8820,2
834,RC,NA,NA,CASANARE,YOPAL,F68,SECANO,6/23/2015,,10/27/2015,2015,3063,RC80_2015_8870,2
835,RC,NA,NA,CASANARE,YOPAL,F68,SECANO,6/25/2015,,10/29/2015,2015,3533,RC80_2015_8827,2
836,RC,NA,NA,CASANARE,YOPAL,F68,RIEGO,9/16/2015,,1/20/2016,2016,5353,RC80_2016_8911,6
837,RC,NA,NA,CASANARE,YOPAL,F733,RIEGO,9/11/2013,,1/15/2014,2014,5625,RC80_2014_8053,6
838,RC,NA,NA,CASANARE,YOPAL,F733,RIEGO,9/12/2014,,1/16/2015,2015,6375,RC80_2015_8383,1
839,RC,NA,NA,CASANARE,YOPAL,F733,SECANO,5/7/2015,,9/10/2015,2015,4507,RC80_2015_8635,2
840,RC,NA,NA,CASANARE,YOPAL,F733,SECANO,5/15/2015,,9/18/2015,2015,4862,RC80_2015_8679,2
841,RC,NA,NA,CASANARE,YOPAL,F733,SECANO,5/29/2015,,10/2/2015,2015,4921,RC80_2015_8768,2
842,RC,NA,NA,CASANARE,YOPAL,F733,SECANO,6/28/2015,,11/1/2015,2015,5454,RC80_2015_8834,2
843,RC,NA,NA,CASANARE,YOPAL,LAGUNAS,RIEGO,10/7/2013,,2/10/2014,2014,5563,RC80_2014_8051,6
844,RC,NA,NA,CASANARE,YOPAL,LAGUNAS,RIEGO,9/9/2014,,1/13/2015,2015,4875,RC80_2015_8379,1
845,RC,NA,NA,CASANARE,YOPAL,LAGUNAS,RIEGO,9/13/2014,,1/17/2015,2015,5125,RC80_2015_8380,1
846,RC,NA,NA,CASANARE,YOPAL,OTRAS,SECANO,5/19/2015,,9/22/2015,2015,6125,RC80_2015_8715,2
847,RC,NA,NA,CASANARE,YOPAL,TAILANDIA ORO,RIEGO,9/28/2015,,2/1/2016,2016,5938,RC80_2016_8884,6
848,RC,NA,NA,CASANARE,YOPAL,VENEZUELA 21,SECANO,5/22/2015,,9/25/2015,2015,2500,RC80_2015_8739,2
